{
	"entries": [
		{
				"message": "Running Main.script",
				"identifier": "START",
				"timestamp": "2025-07-31 15:14:43.540 -0400"
			},
		{
				"handlerName": "on_main",
				"timestamp": "2025-07-31 15:14:43.834 -0400",
				"message": "C:/ScriptRepositories/ABBYY_Shootout/ABBYY_Shootout.suite/Resources/63223.png:(null)",
				"scriptName": "Main.script",
				"handlerLine": 17,
				"identifier": "Connect"
			},
		{
				"handlerName": "on_main",
				"timestamp": "2025-07-31 15:14:45.008 -0400",
				"scriptName": "Main.script",
				"message": "found at (341, 231)",
				"image": "(TEXT:\"Episode\")",
				"handlerLine": 1,
				"identifier": "imagefound"
			},
		{
				"handlerName": "on_main",
				"timestamp": "2025-07-31 15:14:45.011 -0400",
				"message": "True",
				"scriptName": "Main.script",
				"handlerLine": 1,
				"identifier": "Log"
			},
		{
				"handlerName": "on_main",
				"timestamp": "2025-07-31 15:14:50.249 -0400",
				"message": "63223.png – C:/ScriptRepositories/ABBYY_Shootout/ABBYY_Shootout.suite/Resources",
				"scriptName": "Main.script",
				"handlerLine": 21,
				"identifier": "Disconnect"
			},
		{
				"handlerName": "on_main",
				"timestamp": "2025-07-31 15:14:50.375 -0400",
				"message": "C:/ScriptRepositories/ABBYY_Shootout/ABBYY_Shootout.suite/Resources/63253.png:(null)",
				"scriptName": "Main.script",
				"handlerLine": 17,
				"identifier": "Connect"
			},
		{
				"handlerName": "on_main",
				"timestamp": "2025-07-31 15:14:51.994 -0400",
				"scriptName": "Main.script",
				"message": "found at (547, 132)",
				"image": "(TEXT:\"Application Access Menu\")",
				"handlerLine": 1,
				"identifier": "imagefound"
			},
		{
				"handlerName": "on_main",
				"timestamp": "2025-07-31 15:14:51.996 -0400",
				"message": "True",
				"scriptName": "Main.script",
				"handlerLine": 1,
				"identifier": "Log"
			},
		{
				"message": "(Duration:\"8.709\", Errors:\"1\", Exceptions:\"0\", StartTime:\"2025-07-31 15:14:43 -0400\", Successes:\"0\", TestCase:\"Main.script\", Warnings:\"0\")",
				"identifier": "EndTestCase",
				"timestamp": "2025-07-31 15:14:52.253 -0400"
			},
		{
				"message": "Execution Time 0:00:08 Main.script",
				"identifier": "ABORTED",
				"timestamp": "2025-07-31 15:14:52.262 -0400"
			}
	],
	"createdTimestamp": "2025-07-31 15:14:43.542 -0400"
}