{
	"entries": [
		{
				"message": "Running Main.script",
				"identifier": "START",
				"timestamp": "2025-08-05 16:42:40.518 -0400"
			},
		{
				"message": "(Duration:\"0.108\", Errors:\"1\", Exceptions:\"0\", StartTime:\"2025-08-05 16:42:40 -0400\", Successes:\"0\", TestCase:\"Main.script\", Warnings:\"0\")",
				"identifier": "EndTestCase",
				"timestamp": "2025-08-05 16:42:40.630 -0400"
			},
		{
				"message": "STTableError: Value can't become a database table: myExcelDB -- Execution Time 0:00:00 Main.script",
				"identifier": "FAILURE",
				"timestamp": "2025-08-05 16:42:40.679 -0400"
			}
	],
	"createdTimestamp": "2025-08-05 16:42:40.520 -0400"
}