﻿<?xml version="1.0" encoding="UTF-8" ?>
<runHistory script="Main">
 <run>
  <RunDate>2025-07-31 14:49:20.883 -0400</RunDate>
  <Status>Success</Status>
  <Duration>0.491000</Duration>
  <Errors>0</Errors>
  <Warnings>0</Warnings>
  <Exceptions>0</Exceptions>
  <Successes>1</Successes>
  <LogFile>20250731_144920.883/LogFile.txt</LogFile>
  <ReturnValue></ReturnValue>
  <ErrorMessage></ErrorMessage>
 </run>
 <run>
  <RunDate>2025-07-31 14:50:30.687 -0400</RunDate>
  <Status>Success</Status>
  <Duration>0.458000</Duration>
  <Errors>0</Errors>
  <Warnings>0</Warnings>
  <Exceptions>0</Exceptions>
  <Successes>1</Successes>
  <LogFile>20250731_145030.687/LogFile.txt</LogFile>
  <ReturnValue></ReturnValue>
  <ErrorMessage></ErrorMessage>
 </run>
 <run>
  <RunDate>2025-07-31 14:51:19.534 -0400</RunDate>
  <Status>Success</Status>
  <Duration>0.573000</Duration>
  <Errors>0</Errors>
  <Warnings>0</Warnings>
  <Exceptions>0</Exceptions>
  <Successes>1</Successes>
  <LogFile>20250731_145119.534/LogFile.txt</LogFile>
  <ReturnValue></ReturnValue>
  <ErrorMessage></ErrorMessage>
 </run>
 <run>
  <RunDate>2025-07-31 14:52:29.271 -0400</RunDate>
  <Status>Success</Status>
  <Duration>0.493000</Duration>
  <Errors>0</Errors>
  <Warnings>0</Warnings>
  <Exceptions>0</Exceptions>
  <Successes>1</Successes>
  <LogFile>20250731_145229.271/LogFile.txt</LogFile>
  <ReturnValue></ReturnValue>
  <ErrorMessage></ErrorMessage>
 </run>
 <run>
  <RunDate>2025-07-31 14:53:28.402 -0400</RunDate>
  <Status>Success</Status>
  <Duration>0.499000</Duration>
  <Errors>0</Errors>
  <Warnings>0</Warnings>
  <Exceptions>0</Exceptions>
  <Successes>1</Successes>
  <LogFile>20250731_145328.402/LogFile.txt</LogFile>
  <ReturnValue></ReturnValue>
  <ErrorMessage></ErrorMessage>
 </run>
 <run>
  <RunDate>2025-07-31 14:53:36.556 -0400</RunDate>
  <Status>Aborted</Status>
  <Duration>10.550000</Duration>
  <Errors>1</Errors>
  <Warnings>0</Warnings>
  <Exceptions>0</Exceptions>
  <Successes>0</Successes>
  <LogFile>20250731_145336.556/LogFile.txt</LogFile>
  <ReturnValue></ReturnValue>
  <ErrorMessage></ErrorMessage>
 </run>
 <run>
  <RunDate>2025-07-31 14:54:00.216 -0400</RunDate>
  <Status>Aborted</Status>
  <Duration>7.270000</Duration>
  <Errors>1</Errors>
  <Warnings>0</Warnings>
  <Exceptions>0</Exceptions>
  <Successes>0</Successes>
  <LogFile>20250731_145400.216/LogFile.txt</LogFile>
  <ReturnValue></ReturnValue>
  <ErrorMessage></ErrorMessage>
 </run>
 <run>
  <RunDate>2025-07-31 15:01:48.282 -0400</RunDate>
  <Status>Failure</Status>
  <Duration>32.576000</Duration>
  <Errors>1</Errors>
  <Warnings>0</Warnings>
  <Exceptions>0</Exceptions>
  <Successes>0</Successes>
  <LogFile>20250731_150148.282/LogFile.txt</LogFile>
  <ReturnValue></ReturnValue>
  <ErrorMessage>Connection Failed -- Unable to connect to Server:C:/ScriptRepositories/ABBYY_Shootout/ABBYY_Shootout.suite/Resources/63190.png on port:0
Error in VNC Thread - VNC Connection unavailable: Invalid Image File - Unable to load image file C:/ScriptRepositories/ABBYY_Shootout/ABBYY_Shootout.suite/Resources/63190.png</ErrorMessage>
 </run>
 <run>
  <RunDate>2025-07-31 15:03:46.616 -0400</RunDate>
  <Status>Success</Status>
  <Duration>42.993000</Duration>
  <Errors>0</Errors>
  <Warnings>0</Warnings>
  <Exceptions>0</Exceptions>
  <Successes>1</Successes>
  <LogFile>20250731_150346.616/LogFile.txt</LogFile>
  <ReturnValue></ReturnValue>
  <ErrorMessage></ErrorMessage>
 </run>
 <run>
  <RunDate>2025-07-31 15:05:43.783 -0400</RunDate>
  <Status>Success</Status>
  <Duration>81.195000</Duration>
  <Errors>0</Errors>
  <Warnings>0</Warnings>
  <Exceptions>0</Exceptions>
  <Successes>1</Successes>
  <LogFile>20250731_150543.783/LogFile.txt</LogFile>
  <ReturnValue></ReturnValue>
  <ErrorMessage></ErrorMessage>
 </run>
 <run>
  <RunDate>2025-07-31 15:10:11.490 -0400</RunDate>
  <Status>Failure</Status>
  <Duration>0.006000</Duration>
  <Errors>1</Errors>
  <Warnings>0</Warnings>
  <Exceptions>0</Exceptions>
  <Successes>0</Successes>
  <LogFile>20250731_151011.490/LogFile.txt</LogFile>
  <ReturnValue></ReturnValue>
  <ErrorMessage>SenseTalk Compiler Exception -- in main:
Syntax Error at line 3: can&#x27;t understand [end of line] at character 21</ErrorMessage>
 </run>
 <run>
  <RunDate>2025-07-31 15:10:55.948 -0400</RunDate>
  <Status>Aborted</Status>
  <Duration>4.906000</Duration>
  <Errors>1</Errors>
  <Warnings>0</Warnings>
  <Exceptions>0</Exceptions>
  <Successes>0</Successes>
  <LogFile>20250731_151055.948/LogFile.txt</LogFile>
  <ReturnValue></ReturnValue>
  <ErrorMessage></ErrorMessage>
 </run>
 <run>
  <RunDate>2025-07-31 15:11:46.889 -0400</RunDate>
  <Status>Aborted</Status>
  <Duration>3.020000</Duration>
  <Errors>1</Errors>
  <Warnings>0</Warnings>
  <Exceptions>0</Exceptions>
  <Successes>0</Successes>
  <LogFile>20250731_151146.889/LogFile.txt</LogFile>
  <ReturnValue></ReturnValue>
  <ErrorMessage></ErrorMessage>
 </run>
 <run>
  <RunDate>2025-07-31 15:14:43.534 -0400</RunDate>
  <Status>Aborted</Status>
  <Duration>8.718000</Duration>
  <Errors>1</Errors>
  <Warnings>0</Warnings>
  <Exceptions>0</Exceptions>
  <Successes>0</Successes>
  <LogFile>20250731_151443.534/LogFile.txt</LogFile>
  <ReturnValue></ReturnValue>
  <ErrorMessage></ErrorMessage>
 </run>
 <run>
  <RunDate>2025-07-31 15:17:26.578 -0400</RunDate>
  <Status>Failure</Status>
  <Duration>0.011000</Duration>
  <Errors>1</Errors>
  <Warnings>0</Warnings>
  <Exceptions>0</Exceptions>
  <Successes>0</Successes>
  <LogFile>20250731_151726.578/LogFile.txt</LogFile>
  <ReturnValue></ReturnValue>
  <ErrorMessage>SenseTalk Compiler Exception -- in main:
Syntax Error at line 18: can&#x27;t understand &quot;}&quot; at character 35</ErrorMessage>
 </run>
 <run>
  <RunDate>2025-07-31 15:18:04.056 -0400</RunDate>
  <Status>Failure</Status>
  <Duration>0.016000</Duration>
  <Errors>1</Errors>
  <Warnings>0</Warnings>
  <Exceptions>0</Exceptions>
  <Successes>0</Successes>
  <LogFile>20250731_151804.056/LogFile.txt</LogFile>
  <ReturnValue></ReturnValue>
  <ErrorMessage>SenseTalk Compiler Exception -- in main:
Syntax Error at line 18: can&#x27;t understand [end of line] at character 33</ErrorMessage>
 </run>
 <run>
  <RunDate>2025-07-31 15:18:32.456 -0400</RunDate>
  <Status>Failure</Status>
  <Duration>0.010000</Duration>
  <Errors>1</Errors>
  <Warnings>0</Warnings>
  <Exceptions>0</Exceptions>
  <Successes>0</Successes>
  <LogFile>20250731_151832.456/LogFile.txt</LogFile>
  <ReturnValue></ReturnValue>
  <ErrorMessage>SenseTalk Compiler Exception -- in main:
Syntax Error at line 18: can&#x27;t understand &quot;)&quot; at character 31</ErrorMessage>
 </run>
 <run>
  <RunDate>2025-07-31 15:19:50.253 -0400</RunDate>
  <Status>Failure</Status>
  <Duration>0.008000</Duration>
  <Errors>1</Errors>
  <Warnings>0</Warnings>
  <Exceptions>0</Exceptions>
  <Successes>0</Successes>
  <LogFile>20250731_151950.253/LogFile.txt</LogFile>
  <ReturnValue></ReturnValue>
  <ErrorMessage>SenseTalk Compiler Exception -- in main:
Syntax Error at line 18: can&#x27;t understand &quot;)&quot; at character 36</ErrorMessage>
 </run>
 <run>
  <RunDate>2025-07-31 15:23:37.837 -0400</RunDate>
  <Status>Success</Status>
  <Duration>78.966000</Duration>
  <Errors>0</Errors>
  <Warnings>0</Warnings>
  <Exceptions>0</Exceptions>
  <Successes>1</Successes>
  <LogFile>20250731_152337.837/LogFile.txt</LogFile>
  <ReturnValue></ReturnValue>
  <ErrorMessage></ErrorMessage>
 </run>
 <run>
  <RunDate>2025-07-31 15:25:24.050 -0400</RunDate>
  <Status>Aborted</Status>
  <Duration>31.714000</Duration>
  <Errors>1</Errors>
  <Warnings>0</Warnings>
  <Exceptions>0</Exceptions>
  <Successes>0</Successes>
  <LogFile>20250731_152524.050/LogFile.txt</LogFile>
  <ReturnValue></ReturnValue>
  <ErrorMessage></ErrorMessage>
 </run>
 <run>
  <RunDate>2025-07-31 15:33:12.890 -0400</RunDate>
  <Status>Aborted</Status>
  <Duration>10.574000</Duration>
  <Errors>1</Errors>
  <Warnings>0</Warnings>
  <Exceptions>0</Exceptions>
  <Successes>0</Successes>
  <LogFile>20250731_153312.890/LogFile.txt</LogFile>
  <ReturnValue></ReturnValue>
  <ErrorMessage></ErrorMessage>
 </run>
 <run>
  <RunDate>2025-07-31 15:33:40.956 -0400</RunDate>
  <Status>Aborted</Status>
  <Duration>8.770000</Duration>
  <Errors>1</Errors>
  <Warnings>0</Warnings>
  <Exceptions>0</Exceptions>
  <Successes>0</Successes>
  <LogFile>20250731_153340.956/LogFile.txt</LogFile>
  <ReturnValue></ReturnValue>
  <ErrorMessage></ErrorMessage>
 </run>
 <run>
  <RunDate>2025-07-31 15:35:22.376 -0400</RunDate>
  <Status>Aborted</Status>
  <Duration>16.003000</Duration>
  <Errors>1</Errors>
  <Warnings>0</Warnings>
  <Exceptions>0</Exceptions>
  <Successes>0</Successes>
  <LogFile>20250731_153522.376/LogFile.txt</LogFile>
  <ReturnValue></ReturnValue>
  <ErrorMessage></ErrorMessage>
 </run>
 <run>
  <RunDate>2025-07-31 15:36:51.878 -0400</RunDate>
  <Status>Aborted</Status>
  <Duration>34.269000</Duration>
  <Errors>1</Errors>
  <Warnings>0</Warnings>
  <Exceptions>0</Exceptions>
  <Successes>0</Successes>
  <LogFile>20250731_153651.878/LogFile.txt</LogFile>
  <ReturnValue></ReturnValue>
  <ErrorMessage></ErrorMessage>
 </run>
 <run>
  <RunDate>2025-07-31 15:37:45.559 -0400</RunDate>
  <Status>Success</Status>
  <Duration>78.037000</Duration>
  <Errors>0</Errors>
  <Warnings>0</Warnings>
  <Exceptions>0</Exceptions>
  <Successes>1</Successes>
  <LogFile>20250731_153745.559/LogFile.txt</LogFile>
  <ReturnValue></ReturnValue>
  <ErrorMessage></ErrorMessage>
 </run>
 <run>
  <RunDate>2025-07-31 15:40:29.795 -0400</RunDate>
  <Status>Success</Status>
  <Duration>85.543000</Duration>
  <Errors>0</Errors>
  <Warnings>0</Warnings>
  <Exceptions>0</Exceptions>
  <Successes>1</Successes>
  <LogFile>20250731_154029.795/LogFile.txt</LogFile>
  <ReturnValue></ReturnValue>
  <ErrorMessage></ErrorMessage>
 </run>
 <run>
  <RunDate>2025-07-31 15:42:58.460 -0400</RunDate>
  <Status>Aborted</Status>
  <Duration>108.365000</Duration>
  <Errors>1</Errors>
  <Warnings>0</Warnings>
  <Exceptions>0</Exceptions>
  <Successes>0</Successes>
  <LogFile>20250731_154258.460/LogFile.txt</LogFile>
  <ReturnValue></ReturnValue>
  <ErrorMessage></ErrorMessage>
 </run>
 <run>
  <RunDate>2025-07-31 15:46:46.361 -0400</RunDate>
  <Status>Aborted</Status>
  <Duration>8.004000</Duration>
  <Errors>1</Errors>
  <Warnings>0</Warnings>
  <Exceptions>0</Exceptions>
  <Successes>0</Successes>
  <LogFile>20250731_154646.361/LogFile.txt</LogFile>
  <ReturnValue></ReturnValue>
  <ErrorMessage></ErrorMessage>
 </run>
 <run>
  <RunDate>2025-07-31 15:47:55.582 -0400</RunDate>
  <Status>Aborted</Status>
  <Duration>9.477000</Duration>
  <Errors>1</Errors>
  <Warnings>0</Warnings>
  <Exceptions>0</Exceptions>
  <Successes>0</Successes>
  <LogFile>20250731_154755.582/LogFile.txt</LogFile>
  <ReturnValue></ReturnValue>
  <ErrorMessage></ErrorMessage>
 </run>
 <run>
  <RunDate>2025-07-31 15:48:44.990 -0400</RunDate>
  <Status>Success</Status>
  <Duration>40.638000</Duration>
  <Errors>0</Errors>
  <Warnings>0</Warnings>
  <Exceptions>0</Exceptions>
  <Successes>1</Successes>
  <LogFile>20250731_154844.990/LogFile.txt</LogFile>
  <ReturnValue></ReturnValue>
  <ErrorMessage></ErrorMessage>
 </run>
 <run>
  <RunDate>2025-07-31 15:50:46.589 -0400</RunDate>
  <Status>Success</Status>
  <Duration>43.254000</Duration>
  <Errors>0</Errors>
  <Warnings>0</Warnings>
  <Exceptions>0</Exceptions>
  <Successes>1</Successes>
  <LogFile>20250731_155046.589/LogFile.txt</LogFile>
  <ReturnValue></ReturnValue>
  <ErrorMessage></ErrorMessage>
 </run>
 <run>
  <RunDate>2025-07-31 15:54:23.724 -0400</RunDate>
  <Status>Success</Status>
  <Duration>73.970000</Duration>
  <Errors>0</Errors>
  <Warnings>0</Warnings>
  <Exceptions>0</Exceptions>
  <Successes>1</Successes>
  <LogFile>20250731_155423.724/LogFile.txt</LogFile>
  <ReturnValue></ReturnValue>
  <ErrorMessage></ErrorMessage>
 </run>
 <run>
  <RunDate>2025-07-31 16:00:47.259 -0400</RunDate>
  <Status>Aborted</Status>
  <Duration>26.728000</Duration>
  <Errors>1</Errors>
  <Warnings>0</Warnings>
  <Exceptions>0</Exceptions>
  <Successes>0</Successes>
  <LogFile>20250731_160047.259/LogFile.txt</LogFile>
  <ReturnValue></ReturnValue>
  <ErrorMessage></ErrorMessage>
 </run>
 <run>
  <RunDate>2025-07-31 16:01:39.682 -0400</RunDate>
  <Status>Aborted</Status>
  <Duration>16.230000</Duration>
  <Errors>1</Errors>
  <Warnings>0</Warnings>
  <Exceptions>1</Exceptions>
  <Successes>0</Successes>
  <LogFile>20250731_160139.682/LogFile.txt</LogFile>
  <ReturnValue></ReturnValue>
  <ErrorMessage></ErrorMessage>
 </run>
 <run>
  <RunDate>2025-07-31 16:02:15.085 -0400</RunDate>
  <Status>Success</Status>
  <Duration>17.337000</Duration>
  <Errors>0</Errors>
  <Warnings>0</Warnings>
  <Exceptions>0</Exceptions>
  <Successes>1</Successes>
  <LogFile>20250731_160215.085/LogFile.txt</LogFile>
  <ReturnValue></ReturnValue>
  <ErrorMessage></ErrorMessage>
 </run>
 <run>
  <RunDate>2025-07-31 16:03:36.085 -0400</RunDate>
  <Status>Success</Status>
  <Duration>42.948000</Duration>
  <Errors>0</Errors>
  <Warnings>0</Warnings>
  <Exceptions>0</Exceptions>
  <Successes>1</Successes>
  <LogFile>20250731_160336.085/LogFile.txt</LogFile>
  <ReturnValue></ReturnValue>
  <ErrorMessage></ErrorMessage>
 </run>
 <run>
  <RunDate>2025-07-31 16:16:46.682 -0400</RunDate>
  <Status>Aborted</Status>
  <Duration>64.105000</Duration>
  <Errors>1</Errors>
  <Warnings>0</Warnings>
  <Exceptions>0</Exceptions>
  <Successes>0</Successes>
  <LogFile>20250731_161646.682/LogFile.txt</LogFile>
  <ReturnValue></ReturnValue>
  <ErrorMessage></ErrorMessage>
 </run>
 <run>
  <RunDate>2025-07-31 16:19:36.436 -0400</RunDate>
  <Status>Aborted</Status>
  <Duration>10.350000</Duration>
  <Errors>1</Errors>
  <Warnings>0</Warnings>
  <Exceptions>0</Exceptions>
  <Successes>0</Successes>
  <LogFile>20250731_161936.436/LogFile.txt</LogFile>
  <ReturnValue></ReturnValue>
  <ErrorMessage></ErrorMessage>
 </run>
 <run>
  <RunDate>2025-07-31 16:20:23.948 -0400</RunDate>
  <Status>Aborted</Status>
  <Duration>65.397000</Duration>
  <Errors>1</Errors>
  <Warnings>0</Warnings>
  <Exceptions>1</Exceptions>
  <Successes>0</Successes>
  <LogFile>20250731_162023.948/LogFile.txt</LogFile>
  <ReturnValue></ReturnValue>
  <ErrorMessage></ErrorMessage>
 </run>
 <run>
  <RunDate>2025-07-31 16:22:42.395 -0400</RunDate>
  <Status>Aborted</Status>
  <Duration>31.941000</Duration>
  <Errors>1</Errors>
  <Warnings>0</Warnings>
  <Exceptions>0</Exceptions>
  <Successes>0</Successes>
  <LogFile>20250731_162242.395/LogFile.txt</LogFile>
  <ReturnValue></ReturnValue>
  <ErrorMessage></ErrorMessage>
 </run>
 <run>
  <RunDate>2025-07-31 16:23:26.391 -0400</RunDate>
  <Status>Success</Status>
  <Duration>156.439000</Duration>
  <Errors>0</Errors>
  <Warnings>0</Warnings>
  <Exceptions>0</Exceptions>
  <Successes>1</Successes>
  <LogFile>20250731_162326.391/LogFile.txt</LogFile>
  <ReturnValue></ReturnValue>
  <ErrorMessage></ErrorMessage>
 </run>
 <run>
  <RunDate>2025-07-31 16:29:59.765 -0400</RunDate>
  <Status>Success</Status>
  <Duration>159.055000</Duration>
  <Errors>0</Errors>
  <Warnings>0</Warnings>
  <Exceptions>0</Exceptions>
  <Successes>1</Successes>
  <LogFile>20250731_162959.765/LogFile.txt</LogFile>
  <ReturnValue></ReturnValue>
  <ErrorMessage></ErrorMessage>
 </run>
 <run>
  <RunDate>2025-07-31 16:38:31.879 -0400</RunDate>
  <Status>Success</Status>
  <Duration>164.831000</Duration>
  <Errors>0</Errors>
  <Warnings>0</Warnings>
  <Exceptions>0</Exceptions>
  <Successes>1</Successes>
  <LogFile>20250731_163831.879/LogFile.txt</LogFile>
  <ReturnValue></ReturnValue>
  <ErrorMessage></ErrorMessage>
 </run>
 <run>
  <RunDate>2025-08-05 16:24:26.475 -0400</RunDate>
  <Status>Failure</Status>
  <Duration>214.630000</Duration>
  <Errors>1</Errors>
  <Warnings>0</Warnings>
  <Exceptions>0</Exceptions>
  <Successes>0</Successes>
  <LogFile>20250805_162426.475/LogFile.txt</LogFile>
  <ReturnValue></ReturnValue>
  <ErrorMessage>WorkbookWriteError -- Error (can&#x27;t open file for writing) saving workbook to file C:/ScriptRepositories/ABBYY_Shootout/ABBYY_Shootout.suite/Resources/ABBYY_IssueList.xlsx</ErrorMessage>
 </run>
 <run>
  <RunDate>2025-08-05 16:28:20.394 -0400</RunDate>
  <Status>Aborted</Status>
  <Duration>603.559000</Duration>
  <Errors>1</Errors>
  <Warnings>0</Warnings>
  <Exceptions>0</Exceptions>
  <Successes>0</Successes>
  <LogFile>20250805_162820.394/LogFile.txt</LogFile>
  <ReturnValue></ReturnValue>
  <ErrorMessage></ErrorMessage>
 </run>
 <run>
  <RunDate>2025-08-05 16:42:40.514 -0400</RunDate>
  <Status>Failure</Status>
  <Duration>0.115000</Duration>
  <Errors>1</Errors>
  <Warnings>0</Warnings>
  <Exceptions>0</Exceptions>
  <Successes>0</Successes>
  <LogFile>20250805_164240.514/LogFile.txt</LogFile>
  <ReturnValue></ReturnValue>
  <ErrorMessage>STTableError -- Value can&#x27;t become a database table: myExcelDB</ErrorMessage>
 </run>
 <run>
  <RunDate>2025-08-05 16:43:09.106 -0400</RunDate>
  <Status>Aborted</Status>
  <Duration>30.937000</Duration>
  <Errors>1</Errors>
  <Warnings>0</Warnings>
  <Exceptions>0</Exceptions>
  <Successes>0</Successes>
  <LogFile>20250805_164309.106/LogFile.txt</LogFile>
  <ReturnValue></ReturnValue>
  <ErrorMessage></ErrorMessage>
 </run>
 <run>
  <RunDate>2025-08-05 16:46:30.855 -0400</RunDate>
  <Status>Success</Status>
  <Duration>112.476000</Duration>
  <Errors>0</Errors>
  <Warnings>0</Warnings>
  <Exceptions>0</Exceptions>
  <Successes>1</Successes>
  <LogFile>20250805_164630.855/LogFile.txt</LogFile>
  <ReturnValue></ReturnValue>
  <ErrorMessage></ErrorMessage>
 </run>
 <run>
  <RunDate>2025-08-05 16:49:58.040 -0400</RunDate>
  <Status>Success</Status>
  <Duration>110.290000</Duration>
  <Errors>0</Errors>
  <Warnings>0</Warnings>
  <Exceptions>0</Exceptions>
  <Successes>1</Successes>
  <LogFile>20250805_164958.040/LogFile.txt</LogFile>
  <ReturnValue></ReturnValue>
  <ErrorMessage></ErrorMessage>
 </run>
 <run>
  <RunDate>2025-08-07 09:26:40.662 -0400</RunDate>
  <Status>Aborted</Status>
  <Duration>15.717000</Duration>
  <Errors>1</Errors>
  <Warnings>0</Warnings>
  <Exceptions>0</Exceptions>
  <Successes>0</Successes>
  <LogFile>20250807_092640.662/LogFile.txt</LogFile>
  <ReturnValue></ReturnValue>
  <ErrorMessage></ErrorMessage>
 </run>
 <run>
  <RunDate>2025-08-11 10:07:08.589 -0400</RunDate>
  <Status>Success</Status>
  <Duration>2691.480000</Duration>
  <Errors>0</Errors>
  <Warnings>0</Warnings>
  <Exceptions>0</Exceptions>
  <Successes>1</Successes>
  <LogFile>20250811_100708.589/LogFile.txt</LogFile>
  <ReturnValue></ReturnValue>
  <ErrorMessage></ErrorMessage>
 </run>
</runHistory>
