{
	"entries": [
		{
				"message": "Running Main.script",
				"identifier": "START",
				"timestamp": "2025-07-31 14:49:20.891 -0400"
			},
		{
				"message": "(Duration:\"0.482\", Errors:\"0\", Exceptions:\"0\", StartTime:\"2025-07-31 14:49:20 -0400\", Successes:\"1\", TestCase:\"Main.script\", Warnings:\"0\")",
				"identifier": "EndTestCase",
				"timestamp": "2025-07-31 14:49:21.377 -0400"
			},
		{
				"message": "Execution Time 0:00:00 Main.script",
				"identifier": "SUCCESS",
				"timestamp": "2025-07-31 14:49:21.532 -0400"
			}
	],
	"createdTimestamp": "2025-07-31 14:49:20.894 -0400"
}