{
	"entries": [
		{
				"message": "Running Main.script",
				"identifier": "START",
				"timestamp": "2025-07-31 15:19:50.258 -0400"
			},
		{
				"message": "(Duration:\"0.001\", Errors:\"1\", Exceptions:\"0\", StartTime:\"2025-07-31 15:19:50 -0400\", Successes:\"0\", TestCase:\"Main.script\", Warnings:\"0\")",
				"identifier": "EndTestCase",
				"timestamp": "2025-07-31 15:19:50.262 -0400"
			},
		{
				"image": "Screen_Error.png",
				"message": "SenseTalk Compiler Exception: in main:\\nSyntax Error at line 18: can't understand \")\" at character 36 -- Execution Time 0:00:00 Main.script",
				"identifier": "FAILURE",
				"timestamp": "2025-07-31 15:19:50.619 -0400"
			}
	],
	"createdTimestamp": "2025-07-31 15:19:50.260 -0400"
}