{
	"entries": [
		{
				"message": "Running Main.script",
				"identifier": "START",
				"timestamp": "2025-07-31 15:17:26.585 -0400"
			},
		{
				"message": "(Duration:\"0.002\", Errors:\"1\", Exceptions:\"0\", StartTime:\"2025-07-31 15:17:26 -0400\", Successes:\"0\", TestCase:\"Main.script\", Warnings:\"0\")",
				"identifier": "EndTestCase",
				"timestamp": "2025-07-31 15:17:26.589 -0400"
			},
		{
				"image": "Screen_Error.png",
				"message": "SenseTalk Compiler Exception: in main:\\nSyntax Error at line 18: can't understand \"}\" at character 35 -- Execution Time 0:00:00 Main.script",
				"identifier": "FAILURE",
				"timestamp": "2025-07-31 15:17:26.970 -0400"
			}
	],
	"createdTimestamp": "2025-07-31 15:17:26.587 -0400"
}