{
	"entries": [
		{
				"message": "Running Main.script",
				"identifier": "START",
				"timestamp": "2025-08-05 16:46:30.860 -0400"
			},
		{
				"handlerName": "on_main",
				"timestamp": "2025-08-05 16:46:31.020 -0400",
				"message": "C:/ScriptRepositories/ABBYY_Shootout/ABBYY_Shootout.suite/Resources/63223.png:(null)",
				"scriptName": "Main.script",
				"handlerLine": 26,
				"identifier": "Connect"
			},
		{
				"handlerName": "on_main",
				"timestamp": "2025-08-05 16:46:34.923 -0400",
				"scriptName": "Main.script",
				"message": "found at (341, 231)",
				"image": "(TEXT:\"Episode\")",
				"handlerLine": 1,
				"identifier": "imagefound"
			},
		{
				"handlerName": "on_main",
				"timestamp": "2025-08-05 16:46:37.069 -0400",
				"message": "63223.png – C:/ScriptRepositories/ABBYY_Shootout/ABBYY_Shootout.suite/Resources",
				"scriptName": "Main.script",
				"handlerLine": 32,
				"identifier": "Disconnect"
			},
		{
				"handlerName": "on_main",
				"timestamp": "2025-08-05 16:46:37.185 -0400",
				"message": "C:/ScriptRepositories/ABBYY_Shootout/ABBYY_Shootout.suite/Resources/63223.png:(null)",
				"scriptName": "Main.script",
				"handlerLine": 26,
				"identifier": "Connect"
			},
		{
				"handlerName": "on_main",
				"timestamp": "2025-08-05 16:46:40.276 -0400",
				"scriptName": "Main.script",
				"message": "found at (341, 231)",
				"image": "(TEXT:\"Episode\")",
				"handlerLine": 1,
				"identifier": "imagefound"
			},
		{
				"handlerName": "on_main",
				"timestamp": "2025-08-05 16:46:42.426 -0400",
				"message": "63223.png – C:/ScriptRepositories/ABBYY_Shootout/ABBYY_Shootout.suite/Resources",
				"scriptName": "Main.script",
				"handlerLine": 32,
				"identifier": "Disconnect"
			},
		{
				"handlerName": "on_main",
				"timestamp": "2025-08-05 16:46:42.539 -0400",
				"message": "C:/ScriptRepositories/ABBYY_Shootout/ABBYY_Shootout.suite/Resources/63253.png:(null)",
				"scriptName": "Main.script",
				"handlerLine": 26,
				"identifier": "Connect"
			},
		{
				"handlerName": "on_main",
				"timestamp": "2025-08-05 16:46:45.863 -0400",
				"scriptName": "Main.script",
				"message": "found at (547, 132)",
				"image": "(TEXT:\"Application Access Menu\")",
				"handlerLine": 1,
				"identifier": "imagefound"
			},
		{
				"handlerName": "on_main",
				"timestamp": "2025-08-05 16:46:48.017 -0400",
				"message": "63253.png – C:/ScriptRepositories/ABBYY_Shootout/ABBYY_Shootout.suite/Resources",
				"scriptName": "Main.script",
				"handlerLine": 32,
				"identifier": "Disconnect"
			},
		{
				"handlerName": "on_main",
				"timestamp": "2025-08-05 16:46:48.127 -0400",
				"message": "C:/ScriptRepositories/ABBYY_Shootout/ABBYY_Shootout.suite/Resources/63253.png:(null)",
				"scriptName": "Main.script",
				"handlerLine": 26,
				"identifier": "Connect"
			},
		{
				"handlerName": "on_main",
				"timestamp": "2025-08-05 16:46:51.667 -0400",
				"scriptName": "Main.script",
				"message": "found at (547, 132)",
				"image": "(TEXT:\"Application Access Menu\")",
				"handlerLine": 1,
				"identifier": "imagefound"
			},
		{
				"handlerName": "on_main",
				"timestamp": "2025-08-05 16:46:53.813 -0400",
				"message": "63253.png – C:/ScriptRepositories/ABBYY_Shootout/ABBYY_Shootout.suite/Resources",
				"scriptName": "Main.script",
				"handlerLine": 32,
				"identifier": "Disconnect"
			},
		{
				"handlerName": "on_main",
				"timestamp": "2025-08-05 16:46:53.935 -0400",
				"message": "C:/ScriptRepositories/ABBYY_Shootout/ABBYY_Shootout.suite/Resources/63262.png:(null)",
				"scriptName": "Main.script",
				"handlerLine": 26,
				"identifier": "Connect"
			},
		{
				"handlerName": "on_main",
				"timestamp": "2025-08-05 16:46:57.736 -0400",
				"scriptName": "Main.script",
				"message": "found at (517, 472)",
				"image": "(TEXT:\"ZZZeggplant, IPInfection\")",
				"handlerLine": 1,
				"identifier": "imagefound"
			},
		{
				"handlerName": "on_main",
				"timestamp": "2025-08-05 16:46:59.882 -0400",
				"message": "63262.png – C:/ScriptRepositories/ABBYY_Shootout/ABBYY_Shootout.suite/Resources",
				"scriptName": "Main.script",
				"handlerLine": 32,
				"identifier": "Disconnect"
			},
		{
				"handlerName": "on_main",
				"timestamp": "2025-08-05 16:47:00.000 -0400",
				"message": "C:/ScriptRepositories/ABBYY_Shootout/ABBYY_Shootout.suite/Resources/63262.png:(null)",
				"scriptName": "Main.script",
				"handlerLine": 26,
				"identifier": "Connect"
			},
		{
				"handlerName": "on_main",
				"timestamp": "2025-08-05 16:47:03.225 -0400",
				"scriptName": "Main.script",
				"message": "found at (517, 472)",
				"image": "(TEXT:\"ZZZeggplant, IPInfection\")",
				"handlerLine": 1,
				"identifier": "imagefound"
			},
		{
				"handlerName": "on_main",
				"timestamp": "2025-08-05 16:47:05.386 -0400",
				"message": "63262.png – C:/ScriptRepositories/ABBYY_Shootout/ABBYY_Shootout.suite/Resources",
				"scriptName": "Main.script",
				"handlerLine": 32,
				"identifier": "Disconnect"
			},
		{
				"handlerName": "on_main",
				"timestamp": "2025-08-05 16:47:05.546 -0400",
				"message": "C:/ScriptRepositories/ABBYY_Shootout/ABBYY_Shootout.suite/Resources/63246.png:(null)",
				"scriptName": "Main.script",
				"handlerLine": 26,
				"identifier": "Connect"
			},
		{
				"handlerName": "on_main",
				"timestamp": "2025-08-05 16:47:09.074 -0400",
				"scriptName": "Main.script",
				"message": "found at (976, 513)",
				"image": "(TEXT:\"In\")",
				"handlerLine": 1,
				"identifier": "imagefound"
			},
		{
				"handlerName": "on_main",
				"timestamp": "2025-08-05 16:47:11.286 -0400",
				"message": "63246.png – C:/ScriptRepositories/ABBYY_Shootout/ABBYY_Shootout.suite/Resources",
				"scriptName": "Main.script",
				"handlerLine": 32,
				"identifier": "Disconnect"
			},
		{
				"handlerName": "on_main",
				"timestamp": "2025-08-05 16:47:11.443 -0400",
				"message": "C:/ScriptRepositories/ABBYY_Shootout/ABBYY_Shootout.suite/Resources/63246.png:(null)",
				"scriptName": "Main.script",
				"handlerLine": 26,
				"identifier": "Connect"
			},
		{
				"handlerName": "on_main",
				"timestamp": "2025-08-05 16:47:14.552 -0400",
				"scriptName": "Main.script",
				"message": "found at (976, 513)",
				"image": "(TEXT:\"In\")",
				"handlerLine": 1,
				"identifier": "imagefound"
			},
		{
				"handlerName": "on_main",
				"timestamp": "2025-08-05 16:47:16.765 -0400",
				"message": "63246.png – C:/ScriptRepositories/ABBYY_Shootout/ABBYY_Shootout.suite/Resources",
				"scriptName": "Main.script",
				"handlerLine": 32,
				"identifier": "Disconnect"
			},
		{
				"handlerName": "on_main",
				"timestamp": "2025-08-05 16:47:16.886 -0400",
				"message": "C:/ScriptRepositories/ABBYY_Shootout/ABBYY_Shootout.suite/Resources/63222.png:(null)",
				"scriptName": "Main.script",
				"handlerLine": 26,
				"identifier": "Connect"
			},
		{
				"handlerName": "on_main",
				"timestamp": "2025-08-05 16:47:20.579 -0400",
				"scriptName": "Main.script",
				"message": "found at (517, 313)",
				"image": "(TEXT:\"ZZZeggplant, IPwardnurse\")",
				"handlerLine": 1,
				"identifier": "imagefound"
			},
		{
				"handlerName": "on_main",
				"timestamp": "2025-08-05 16:47:22.801 -0400",
				"message": "63222.png – C:/ScriptRepositories/ABBYY_Shootout/ABBYY_Shootout.suite/Resources",
				"scriptName": "Main.script",
				"handlerLine": 32,
				"identifier": "Disconnect"
			},
		{
				"handlerName": "on_main",
				"timestamp": "2025-08-05 16:47:22.934 -0400",
				"message": "C:/ScriptRepositories/ABBYY_Shootout/ABBYY_Shootout.suite/Resources/63222.png:(null)",
				"scriptName": "Main.script",
				"handlerLine": 26,
				"identifier": "Connect"
			},
		{
				"handlerName": "on_main",
				"timestamp": "2025-08-05 16:47:26.282 -0400",
				"scriptName": "Main.script",
				"message": "found at (517, 313)",
				"image": "(TEXT:\"ZZZeggplant, IPwardnurse\")",
				"handlerLine": 1,
				"identifier": "imagefound"
			},
		{
				"handlerName": "on_main",
				"timestamp": "2025-08-05 16:47:28.498 -0400",
				"message": "63222.png – C:/ScriptRepositories/ABBYY_Shootout/ABBYY_Shootout.suite/Resources",
				"scriptName": "Main.script",
				"handlerLine": 32,
				"identifier": "Disconnect"
			},
		{
				"handlerName": "on_main",
				"timestamp": "2025-08-05 16:47:28.615 -0400",
				"message": "C:/ScriptRepositories/ABBYY_Shootout/ABBYY_Shootout.suite/Resources/63130.png:(null)",
				"scriptName": "Main.script",
				"handlerLine": 26,
				"identifier": "Connect"
			},
		{
				"handlerName": "on_main",
				"timestamp": "2025-08-05 16:47:31.756 -0400",
				"scriptName": "Main.script",
				"message": "found at (1340, 201)",
				"image": "(TEXT:\"patient\")",
				"handlerLine": 1,
				"identifier": "imagefound"
			},
		{
				"handlerName": "on_main",
				"timestamp": "2025-08-05 16:47:33.900 -0400",
				"message": "63130.png – C:/ScriptRepositories/ABBYY_Shootout/ABBYY_Shootout.suite/Resources",
				"scriptName": "Main.script",
				"handlerLine": 32,
				"identifier": "Disconnect"
			},
		{
				"handlerName": "on_main",
				"timestamp": "2025-08-05 16:47:34.021 -0400",
				"message": "C:/ScriptRepositories/ABBYY_Shootout/ABBYY_Shootout.suite/Resources/63130.png:(null)",
				"scriptName": "Main.script",
				"handlerLine": 26,
				"identifier": "Connect"
			},
		{
				"handlerName": "on_main",
				"timestamp": "2025-08-05 16:47:37.188 -0400",
				"scriptName": "Main.script",
				"message": "found at (1340, 201)",
				"image": "(TEXT:\"patient\")",
				"handlerLine": 1,
				"identifier": "imagefound"
			},
		{
				"handlerName": "on_main",
				"timestamp": "2025-08-05 16:47:39.401 -0400",
				"message": "63130.png – C:/ScriptRepositories/ABBYY_Shootout/ABBYY_Shootout.suite/Resources",
				"scriptName": "Main.script",
				"handlerLine": 32,
				"identifier": "Disconnect"
			},
		{
				"handlerName": "on_main",
				"timestamp": "2025-08-05 16:47:39.516 -0400",
				"message": "C:/ScriptRepositories/ABBYY_Shootout/ABBYY_Shootout.suite/Resources/63190.png:(null)",
				"scriptName": "Main.script",
				"handlerLine": 26,
				"identifier": "Connect"
			},
		{
				"handlerName": "on_main",
				"timestamp": "2025-08-05 16:47:42.616 -0400",
				"scriptName": "Main.script",
				"message": "found at (367, 260)",
				"image": "(TEXT:\"Hide Add'l Visits\")",
				"handlerLine": 1,
				"identifier": "imagefound"
			},
		{
				"handlerName": "on_main",
				"timestamp": "2025-08-05 16:47:44.763 -0400",
				"message": "63190.png – C:/ScriptRepositories/ABBYY_Shootout/ABBYY_Shootout.suite/Resources",
				"scriptName": "Main.script",
				"handlerLine": 32,
				"identifier": "Disconnect"
			},
		{
				"handlerName": "on_main",
				"timestamp": "2025-08-05 16:47:44.874 -0400",
				"message": "C:/ScriptRepositories/ABBYY_Shootout/ABBYY_Shootout.suite/Resources/63190.png:(null)",
				"scriptName": "Main.script",
				"handlerLine": 26,
				"identifier": "Connect"
			},
		{
				"handlerName": "on_main",
				"timestamp": "2025-08-05 16:47:47.990 -0400",
				"scriptName": "Main.script",
				"message": "found at (367, 260)",
				"image": "(TEXT:\"Hide Add'l Visits\")",
				"handlerLine": 1,
				"identifier": "imagefound"
			},
		{
				"handlerName": "on_main",
				"timestamp": "2025-08-05 16:47:50.178 -0400",
				"message": "63190.png – C:/ScriptRepositories/ABBYY_Shootout/ABBYY_Shootout.suite/Resources",
				"scriptName": "Main.script",
				"handlerLine": 32,
				"identifier": "Disconnect"
			},
		{
				"handlerName": "on_main",
				"timestamp": "2025-08-05 16:47:50.298 -0400",
				"message": "C:/ScriptRepositories/ABBYY_Shootout/ABBYY_Shootout.suite/Resources/63090.png:(null)",
				"scriptName": "Main.script",
				"handlerLine": 26,
				"identifier": "Connect"
			},
		{
				"handlerName": "on_main",
				"timestamp": "2025-08-05 16:48:14.823 -0400",
				"scriptName": "Main.script",
				"message": "Unable to Find Image (TEXT:\"Arrange Views\"). Text not found.",
				"image": "(TEXT:\"Arrange Views\")",
				"handlerLine": 1,
				"identifier": "imagefound"
			},
		{
				"handlerName": "on_main",
				"timestamp": "2025-08-05 16:48:17.216 -0400",
				"message": "63090.png – C:/ScriptRepositories/ABBYY_Shootout/ABBYY_Shootout.suite/Resources",
				"scriptName": "Main.script",
				"handlerLine": 32,
				"identifier": "Disconnect"
			},
		{
				"handlerName": "on_main",
				"timestamp": "2025-08-05 16:48:17.340 -0400",
				"message": "C:/ScriptRepositories/ABBYY_Shootout/ABBYY_Shootout.suite/Resources/63090.png:(null)",
				"scriptName": "Main.script",
				"handlerLine": 26,
				"identifier": "Connect"
			},
		{
				"handlerName": "on_main",
				"timestamp": "2025-08-05 16:48:21.004 -0400",
				"scriptName": "Main.script",
				"message": "found at (635, 216)",
				"image": "(TEXT:\"Arrange Views\")",
				"handlerLine": 1,
				"identifier": "imagefound"
			},
		{
				"handlerName": "on_main",
				"timestamp": "2025-08-05 16:48:23.157 -0400",
				"message": "63090.png – C:/ScriptRepositories/ABBYY_Shootout/ABBYY_Shootout.suite/Resources",
				"scriptName": "Main.script",
				"handlerLine": 32,
				"identifier": "Disconnect"
			},
		{
				"message": "(Duration:\"112.469\", Errors:\"0\", Exceptions:\"0\", StartTime:\"2025-08-05 16:46:30 -0400\", Successes:\"1\", TestCase:\"Main.script\", Warnings:\"0\")",
				"identifier": "EndTestCase",
				"timestamp": "2025-08-05 16:48:23.331 -0400"
			},
		{
				"message": "Execution Time 0:01:52 Main.script",
				"identifier": "SUCCESS",
				"timestamp": "2025-08-05 16:48:23.355 -0400"
			}
	],
	"createdTimestamp": "2025-08-05 16:46:30.861 -0400"
}