{
	"entries": [
		{
				"message": "Running Main.script",
				"identifier": "START",
				"timestamp": "2025-07-31 14:53:36.558 -0400"
			},
		{
				"message": "(Duration:\"10.547\", Errors:\"1\", Exceptions:\"0\", StartTime:\"2025-07-31 14:53:36 -0400\", Successes:\"0\", TestCase:\"Main.script\", Warnings:\"0\")",
				"identifier": "EndTestCase",
				"timestamp": "2025-07-31 14:53:47.107 -0400"
			},
		{
				"message": "Execution Time 0:00:10 Main.script",
				"identifier": "ABORTED",
				"timestamp": "2025-07-31 14:53:47.116 -0400"
			}
	],
	"createdTimestamp": "2025-07-31 14:53:36.560 -0400"
}