{
	"entries": [
		{
				"message": "Running Main.script",
				"identifier": "START",
				"timestamp": "2025-07-31 15:11:46.895 -0400"
			},
		{
				"message": "(Duration:\"3.012\", Errors:\"1\", Exceptions:\"0\", StartTime:\"2025-07-31 15:11:46 -0400\", Successes:\"0\", TestCase:\"Main.script\", Warnings:\"0\")",
				"identifier": "EndTestCase",
				"timestamp": "2025-07-31 15:11:49.910 -0400"
			},
		{
				"message": "Execution Time 0:00:03 Main.script",
				"identifier": "ABORTED",
				"timestamp": "2025-07-31 15:11:49.919 -0400"
			}
	],
	"createdTimestamp": "2025-07-31 15:11:46.897 -0400"
}