{
	"entries": [
		{
				"message": "Running Main.script",
				"identifier": "START",
				"timestamp": "2025-07-31 15:37:45.564 -0400"
			},
		{
				"handlerName": "on_main",
				"timestamp": "2025-07-31 15:37:45.830 -0400",
				"message": "C:/ScriptRepositories/ABBYY_Shootout/ABBYY_Shootout.suite/Resources/63223.png:(null)",
				"scriptName": "Main.script",
				"handlerLine": 17,
				"identifier": "Connect"
			},
		{
				"handlerName": "on_main",
				"timestamp": "2025-07-31 15:37:47.053 -0400",
				"scriptName": "Main.script",
				"message": "found at (341, 231)",
				"image": "(TEXT:\"Episode\")",
				"handlerLine": 1,
				"identifier": "imagefound"
			},
		{
				"handlerName": "on_main",
				"timestamp": "2025-07-31 15:37:52.243 -0400",
				"message": "63223.png – C:/ScriptRepositories/ABBYY_Shootout/ABBYY_Shootout.suite/Resources",
				"scriptName": "Main.script",
				"handlerLine": 21,
				"identifier": "Disconnect"
			},
		{
				"handlerName": "on_main",
				"timestamp": "2025-07-31 15:37:52.358 -0400",
				"message": "C:/ScriptRepositories/ABBYY_Shootout/ABBYY_Shootout.suite/Resources/63253.png:(null)",
				"scriptName": "Main.script",
				"handlerLine": 17,
				"identifier": "Connect"
			},
		{
				"handlerName": "on_main",
				"timestamp": "2025-07-31 15:37:54.275 -0400",
				"scriptName": "Main.script",
				"message": "found at (547, 132)",
				"image": "(TEXT:\"Application Access Menu\")",
				"handlerLine": 1,
				"identifier": "imagefound"
			},
		{
				"handlerName": "on_main",
				"timestamp": "2025-07-31 15:37:59.510 -0400",
				"message": "63253.png – C:/ScriptRepositories/ABBYY_Shootout/ABBYY_Shootout.suite/Resources",
				"scriptName": "Main.script",
				"handlerLine": 21,
				"identifier": "Disconnect"
			},
		{
				"handlerName": "on_main",
				"timestamp": "2025-07-31 15:37:59.537 -0400",
				"message": "C:/ScriptRepositories/ABBYY_Shootout/ABBYY_Shootout.suite/Resources/63262.png:(null)",
				"scriptName": "Main.script",
				"handlerLine": 17,
				"identifier": "Connect"
			},
		{
				"handlerName": "on_main",
				"timestamp": "2025-07-31 15:38:00.627 -0400",
				"scriptName": "Main.script",
				"message": "found at (517, 472)",
				"image": "(TEXT:\"ZZZeggplant, IPInfection\")",
				"handlerLine": 1,
				"identifier": "imagefound"
			},
		{
				"handlerName": "on_main",
				"timestamp": "2025-07-31 15:38:05.809 -0400",
				"message": "63262.png – C:/ScriptRepositories/ABBYY_Shootout/ABBYY_Shootout.suite/Resources",
				"scriptName": "Main.script",
				"handlerLine": 21,
				"identifier": "Disconnect"
			},
		{
				"handlerName": "on_main",
				"timestamp": "2025-07-31 15:38:05.963 -0400",
				"message": "C:/ScriptRepositories/ABBYY_Shootout/ABBYY_Shootout.suite/Resources/63246.png:(null)",
				"scriptName": "Main.script",
				"handlerLine": 17,
				"identifier": "Connect"
			},
		{
				"handlerName": "on_main",
				"timestamp": "2025-07-31 15:38:08.045 -0400",
				"scriptName": "Main.script",
				"message": "found at (976, 513)",
				"image": "(TEXT:\"In\")",
				"handlerLine": 1,
				"identifier": "imagefound"
			},
		{
				"handlerName": "on_main",
				"timestamp": "2025-07-31 15:38:13.283 -0400",
				"message": "63246.png – C:/ScriptRepositories/ABBYY_Shootout/ABBYY_Shootout.suite/Resources",
				"scriptName": "Main.script",
				"handlerLine": 21,
				"identifier": "Disconnect"
			},
		{
				"handlerName": "on_main",
				"timestamp": "2025-07-31 15:38:13.404 -0400",
				"message": "C:/ScriptRepositories/ABBYY_Shootout/ABBYY_Shootout.suite/Resources/63222.png:(null)",
				"scriptName": "Main.script",
				"handlerLine": 17,
				"identifier": "Connect"
			},
		{
				"handlerName": "on_main",
				"timestamp": "2025-07-31 15:38:15.833 -0400",
				"scriptName": "Main.script",
				"message": "found at (517, 313)",
				"image": "(TEXT:\"ZZZeggplant, IPwardnurse\")",
				"handlerLine": 1,
				"identifier": "imagefound"
			},
		{
				"handlerName": "on_main",
				"timestamp": "2025-07-31 15:38:21.059 -0400",
				"message": "63222.png – C:/ScriptRepositories/ABBYY_Shootout/ABBYY_Shootout.suite/Resources",
				"scriptName": "Main.script",
				"handlerLine": 21,
				"identifier": "Disconnect"
			},
		{
				"handlerName": "on_main",
				"timestamp": "2025-07-31 15:38:21.087 -0400",
				"message": "C:/ScriptRepositories/ABBYY_Shootout/ABBYY_Shootout.suite/Resources/63130.png:(null)",
				"scriptName": "Main.script",
				"handlerLine": 17,
				"identifier": "Connect"
			},
		{
				"handlerName": "on_main",
				"timestamp": "2025-07-31 15:38:21.632 -0400",
				"scriptName": "Main.script",
				"message": "found at (1340, 201)",
				"image": "(TEXT:\"patient\")",
				"handlerLine": 1,
				"identifier": "imagefound"
			},
		{
				"handlerName": "on_main",
				"timestamp": "2025-07-31 15:38:26.810 -0400",
				"message": "63130.png – C:/ScriptRepositories/ABBYY_Shootout/ABBYY_Shootout.suite/Resources",
				"scriptName": "Main.script",
				"handlerLine": 21,
				"identifier": "Disconnect"
			},
		{
				"handlerName": "on_main",
				"timestamp": "2025-07-31 15:38:26.940 -0400",
				"message": "C:/ScriptRepositories/ABBYY_Shootout/ABBYY_Shootout.suite/Resources/63190.png:(null)",
				"scriptName": "Main.script",
				"handlerLine": 17,
				"identifier": "Connect"
			},
		{
				"handlerName": "on_main",
				"timestamp": "2025-07-31 15:38:28.678 -0400",
				"scriptName": "Main.script",
				"message": "found at (367, 260)",
				"image": "(TEXT:\"Hide Add'l Visits\")",
				"handlerLine": 1,
				"identifier": "imagefound"
			},
		{
				"handlerName": "on_main",
				"timestamp": "2025-07-31 15:38:33.912 -0400",
				"message": "63190.png – C:/ScriptRepositories/ABBYY_Shootout/ABBYY_Shootout.suite/Resources",
				"scriptName": "Main.script",
				"handlerLine": 21,
				"identifier": "Disconnect"
			},
		{
				"handlerName": "on_main",
				"timestamp": "2025-07-31 15:38:34.035 -0400",
				"message": "C:/ScriptRepositories/ABBYY_Shootout/ABBYY_Shootout.suite/Resources/63090.png:(null)",
				"scriptName": "Main.script",
				"handlerLine": 17,
				"identifier": "Connect"
			},
		{
				"handlerName": "on_main",
				"timestamp": "2025-07-31 15:38:57.716 -0400",
				"scriptName": "Main.script",
				"message": "Unable to Find Image (TEXT:\"Arrange Views\"). Text not found.",
				"image": "(TEXT:\"Arrange Views\")",
				"handlerLine": 1,
				"identifier": "imagefound"
			},
		{
				"handlerName": "on_main",
				"timestamp": "2025-07-31 15:39:03.136 -0400",
				"message": "63090.png – C:/ScriptRepositories/ABBYY_Shootout/ABBYY_Shootout.suite/Resources",
				"scriptName": "Main.script",
				"handlerLine": 21,
				"identifier": "Disconnect"
			},
		{
				"message": "(Duration:\"78.03\", Errors:\"0\", Exceptions:\"0\", StartTime:\"2025-07-31 15:37:45 -0400\", Successes:\"1\", TestCase:\"Main.script\", Warnings:\"0\")",
				"identifier": "EndTestCase",
				"timestamp": "2025-07-31 15:39:03.597 -0400"
			},
		{
				"message": "Execution Time 0:01:18 Main.script",
				"identifier": "SUCCESS",
				"timestamp": "2025-07-31 15:39:03.765 -0400"
			}
	],
	"createdTimestamp": "2025-07-31 15:37:45.566 -0400"
}