{
	"entries": [
		{
				"message": "Running Main.script",
				"identifier": "START",
				"timestamp": "2025-07-31 15:10:55.952 -0400"
			},
		{
				"handlerName": "on_main",
				"timestamp": "2025-07-31 15:10:56.423 -0400",
				"message": "C:/ScriptRepositories/ABBYY_Shootout/ABBYY_Shootout.suite/Resources/63223.png:(null)",
				"scriptName": "Main.script",
				"handlerLine": 7,
				"identifier": "Connect"
			},
		{
				"handlerName": "on_main",
				"timestamp": "2025-07-31 15:10:58.616 -0400",
				"scriptName": "Main.script",
				"message": "found at (341, 231)",
				"image": "(TEXT:\"Episode\")",
				"handlerLine": 1,
				"identifier": "imagefound"
			},
		{
				"handlerName": "on_main",
				"timestamp": "2025-07-31 15:10:58.619 -0400",
				"message": "True",
				"scriptName": "Main.script",
				"handlerLine": 1,
				"identifier": "Log"
			},
		{
				"message": "(Duration:\"4.901\", Errors:\"1\", Exceptions:\"0\", StartTime:\"2025-07-31 15:10:55 -0400\", Successes:\"0\", TestCase:\"Main.script\", Warnings:\"0\")",
				"identifier": "EndTestCase",
				"timestamp": "2025-07-31 15:11:00.855 -0400"
			},
		{
				"message": "Execution Time 0:00:04 Main.script",
				"identifier": "ABORTED",
				"timestamp": "2025-07-31 15:11:00.863 -0400"
			}
	],
	"createdTimestamp": "2025-07-31 15:10:55.954 -0400"
}