{
	"entries": [
		{
				"message": "Running Main.script",
				"identifier": "START",
				"timestamp": "2025-08-05 16:49:58.044 -0400"
			},
		{
				"handlerName": "on_main",
				"timestamp": "2025-08-05 16:49:58.219 -0400",
				"message": "C:/ScriptRepositories/ABBYY_Shootout/ABBYY_Shootout.suite/Resources/63223.png:(null)",
				"scriptName": "Main.script",
				"handlerLine": 26,
				"identifier": "Connect"
			},
		{
				"handlerName": "on_main",
				"timestamp": "2025-08-05 16:50:02.102 -0400",
				"scriptName": "Main.script",
				"message": "found at (341, 231)",
				"image": "(TEXT:\"Episode\")",
				"handlerLine": 1,
				"identifier": "imagefound"
			},
		{
				"handlerName": "on_main",
				"timestamp": "2025-08-05 16:50:04.134 -0400",
				"message": "C:/ScriptRepositories/ABBYY_Shootout/ABBYY_Shootout.suite/Resources/63223.png:(null)",
				"scriptName": "Main.script",
				"handlerLine": 26,
				"identifier": "Connect"
			},
		{
				"handlerName": "on_main",
				"timestamp": "2025-08-05 16:50:07.232 -0400",
				"scriptName": "Main.script",
				"message": "found at (341, 231)",
				"image": "(TEXT:\"Episode\")",
				"handlerLine": 1,
				"identifier": "imagefound"
			},
		{
				"handlerName": "on_main",
				"timestamp": "2025-08-05 16:50:09.383 -0400",
				"message": "63223.png – C:/ScriptRepositories/ABBYY_Shootout/ABBYY_Shootout.suite/Resources",
				"scriptName": "Main.script",
				"handlerLine": 35,
				"identifier": "Disconnect"
			},
		{
				"handlerName": "on_main",
				"timestamp": "2025-08-05 16:50:09.507 -0400",
				"message": "C:/ScriptRepositories/ABBYY_Shootout/ABBYY_Shootout.suite/Resources/63253.png:(null)",
				"scriptName": "Main.script",
				"handlerLine": 26,
				"identifier": "Connect"
			},
		{
				"handlerName": "on_main",
				"timestamp": "2025-08-05 16:50:12.817 -0400",
				"scriptName": "Main.script",
				"message": "found at (547, 132)",
				"image": "(TEXT:\"Application Access Menu\")",
				"handlerLine": 1,
				"identifier": "imagefound"
			},
		{
				"handlerName": "on_main",
				"timestamp": "2025-08-05 16:50:14.836 -0400",
				"message": "C:/ScriptRepositories/ABBYY_Shootout/ABBYY_Shootout.suite/Resources/63253.png:(null)",
				"scriptName": "Main.script",
				"handlerLine": 26,
				"identifier": "Connect"
			},
		{
				"handlerName": "on_main",
				"timestamp": "2025-08-05 16:50:18.402 -0400",
				"scriptName": "Main.script",
				"message": "found at (547, 132)",
				"image": "(TEXT:\"Application Access Menu\")",
				"handlerLine": 1,
				"identifier": "imagefound"
			},
		{
				"handlerName": "on_main",
				"timestamp": "2025-08-05 16:50:20.553 -0400",
				"message": "63253.png – C:/ScriptRepositories/ABBYY_Shootout/ABBYY_Shootout.suite/Resources",
				"scriptName": "Main.script",
				"handlerLine": 35,
				"identifier": "Disconnect"
			},
		{
				"handlerName": "on_main",
				"timestamp": "2025-08-05 16:50:20.679 -0400",
				"message": "C:/ScriptRepositories/ABBYY_Shootout/ABBYY_Shootout.suite/Resources/63262.png:(null)",
				"scriptName": "Main.script",
				"handlerLine": 26,
				"identifier": "Connect"
			},
		{
				"handlerName": "on_main",
				"timestamp": "2025-08-05 16:50:24.480 -0400",
				"scriptName": "Main.script",
				"message": "found at (517, 472)",
				"image": "(TEXT:\"ZZZeggplant, IPInfection\")",
				"handlerLine": 1,
				"identifier": "imagefound"
			},
		{
				"handlerName": "on_main",
				"timestamp": "2025-08-05 16:50:26.508 -0400",
				"message": "C:/ScriptRepositories/ABBYY_Shootout/ABBYY_Shootout.suite/Resources/63262.png:(null)",
				"scriptName": "Main.script",
				"handlerLine": 26,
				"identifier": "Connect"
			},
		{
				"handlerName": "on_main",
				"timestamp": "2025-08-05 16:50:29.674 -0400",
				"scriptName": "Main.script",
				"message": "found at (517, 472)",
				"image": "(TEXT:\"ZZZeggplant, IPInfection\")",
				"handlerLine": 1,
				"identifier": "imagefound"
			},
		{
				"handlerName": "on_main",
				"timestamp": "2025-08-05 16:50:31.877 -0400",
				"message": "63262.png – C:/ScriptRepositories/ABBYY_Shootout/ABBYY_Shootout.suite/Resources",
				"scriptName": "Main.script",
				"handlerLine": 35,
				"identifier": "Disconnect"
			},
		{
				"handlerName": "on_main",
				"timestamp": "2025-08-05 16:50:32.030 -0400",
				"message": "C:/ScriptRepositories/ABBYY_Shootout/ABBYY_Shootout.suite/Resources/63246.png:(null)",
				"scriptName": "Main.script",
				"handlerLine": 26,
				"identifier": "Connect"
			},
		{
				"handlerName": "on_main",
				"timestamp": "2025-08-05 16:50:35.543 -0400",
				"scriptName": "Main.script",
				"message": "found at (976, 513)",
				"image": "(TEXT:\"In\")",
				"handlerLine": 1,
				"identifier": "imagefound"
			},
		{
				"handlerName": "on_main",
				"timestamp": "2025-08-05 16:50:37.588 -0400",
				"message": "C:/ScriptRepositories/ABBYY_Shootout/ABBYY_Shootout.suite/Resources/63246.png:(null)",
				"scriptName": "Main.script",
				"handlerLine": 26,
				"identifier": "Connect"
			},
		{
				"handlerName": "on_main",
				"timestamp": "2025-08-05 16:50:40.679 -0400",
				"scriptName": "Main.script",
				"message": "found at (976, 513)",
				"image": "(TEXT:\"In\")",
				"handlerLine": 1,
				"identifier": "imagefound"
			},
		{
				"handlerName": "on_main",
				"timestamp": "2025-08-05 16:50:42.886 -0400",
				"message": "63246.png – C:/ScriptRepositories/ABBYY_Shootout/ABBYY_Shootout.suite/Resources",
				"scriptName": "Main.script",
				"handlerLine": 35,
				"identifier": "Disconnect"
			},
		{
				"handlerName": "on_main",
				"timestamp": "2025-08-05 16:50:43.008 -0400",
				"message": "C:/ScriptRepositories/ABBYY_Shootout/ABBYY_Shootout.suite/Resources/63222.png:(null)",
				"scriptName": "Main.script",
				"handlerLine": 26,
				"identifier": "Connect"
			},
		{
				"handlerName": "on_main",
				"timestamp": "2025-08-05 16:50:46.724 -0400",
				"scriptName": "Main.script",
				"message": "found at (517, 313)",
				"image": "(TEXT:\"ZZZeggplant, IPwardnurse\")",
				"handlerLine": 1,
				"identifier": "imagefound"
			},
		{
				"handlerName": "on_main",
				"timestamp": "2025-08-05 16:50:48.787 -0400",
				"message": "C:/ScriptRepositories/ABBYY_Shootout/ABBYY_Shootout.suite/Resources/63222.png:(null)",
				"scriptName": "Main.script",
				"handlerLine": 26,
				"identifier": "Connect"
			},
		{
				"handlerName": "on_main",
				"timestamp": "2025-08-05 16:50:52.146 -0400",
				"scriptName": "Main.script",
				"message": "found at (517, 313)",
				"image": "(TEXT:\"ZZZeggplant, IPwardnurse\")",
				"handlerLine": 1,
				"identifier": "imagefound"
			},
		{
				"handlerName": "on_main",
				"timestamp": "2025-08-05 16:50:54.359 -0400",
				"message": "63222.png – C:/ScriptRepositories/ABBYY_Shootout/ABBYY_Shootout.suite/Resources",
				"scriptName": "Main.script",
				"handlerLine": 35,
				"identifier": "Disconnect"
			},
		{
				"handlerName": "on_main",
				"timestamp": "2025-08-05 16:50:54.474 -0400",
				"message": "C:/ScriptRepositories/ABBYY_Shootout/ABBYY_Shootout.suite/Resources/63130.png:(null)",
				"scriptName": "Main.script",
				"handlerLine": 26,
				"identifier": "Connect"
			},
		{
				"handlerName": "on_main",
				"timestamp": "2025-08-05 16:50:57.605 -0400",
				"scriptName": "Main.script",
				"message": "found at (1340, 201)",
				"image": "(TEXT:\"patient\")",
				"handlerLine": 1,
				"identifier": "imagefound"
			},
		{
				"handlerName": "on_main",
				"timestamp": "2025-08-05 16:50:59.640 -0400",
				"message": "C:/ScriptRepositories/ABBYY_Shootout/ABBYY_Shootout.suite/Resources/63130.png:(null)",
				"scriptName": "Main.script",
				"handlerLine": 26,
				"identifier": "Connect"
			},
		{
				"handlerName": "on_main",
				"timestamp": "2025-08-05 16:51:02.846 -0400",
				"scriptName": "Main.script",
				"message": "found at (1340, 201)",
				"image": "(TEXT:\"patient\")",
				"handlerLine": 1,
				"identifier": "imagefound"
			},
		{
				"handlerName": "on_main",
				"timestamp": "2025-08-05 16:51:04.995 -0400",
				"message": "63130.png – C:/ScriptRepositories/ABBYY_Shootout/ABBYY_Shootout.suite/Resources",
				"scriptName": "Main.script",
				"handlerLine": 35,
				"identifier": "Disconnect"
			},
		{
				"handlerName": "on_main",
				"timestamp": "2025-08-05 16:51:05.107 -0400",
				"message": "C:/ScriptRepositories/ABBYY_Shootout/ABBYY_Shootout.suite/Resources/63190.png:(null)",
				"scriptName": "Main.script",
				"handlerLine": 26,
				"identifier": "Connect"
			},
		{
				"handlerName": "on_main",
				"timestamp": "2025-08-05 16:51:08.218 -0400",
				"scriptName": "Main.script",
				"message": "found at (367, 260)",
				"image": "(TEXT:\"Hide Add'l Visits\")",
				"handlerLine": 1,
				"identifier": "imagefound"
			},
		{
				"handlerName": "on_main",
				"timestamp": "2025-08-05 16:51:10.248 -0400",
				"message": "C:/ScriptRepositories/ABBYY_Shootout/ABBYY_Shootout.suite/Resources/63190.png:(null)",
				"scriptName": "Main.script",
				"handlerLine": 26,
				"identifier": "Connect"
			},
		{
				"handlerName": "on_main",
				"timestamp": "2025-08-05 16:51:13.360 -0400",
				"scriptName": "Main.script",
				"message": "found at (367, 260)",
				"image": "(TEXT:\"Hide Add'l Visits\")",
				"handlerLine": 1,
				"identifier": "imagefound"
			},
		{
				"handlerName": "on_main",
				"timestamp": "2025-08-05 16:51:15.504 -0400",
				"message": "63190.png – C:/ScriptRepositories/ABBYY_Shootout/ABBYY_Shootout.suite/Resources",
				"scriptName": "Main.script",
				"handlerLine": 35,
				"identifier": "Disconnect"
			},
		{
				"handlerName": "on_main",
				"timestamp": "2025-08-05 16:51:15.624 -0400",
				"message": "C:/ScriptRepositories/ABBYY_Shootout/ABBYY_Shootout.suite/Resources/63090.png:(null)",
				"scriptName": "Main.script",
				"handlerLine": 26,
				"identifier": "Connect"
			},
		{
				"handlerName": "on_main",
				"timestamp": "2025-08-05 16:51:40.019 -0400",
				"scriptName": "Main.script",
				"message": "Unable to Find Image (TEXT:\"Arrange Views\"). Text not found.",
				"image": "(TEXT:\"Arrange Views\")",
				"handlerLine": 1,
				"identifier": "imagefound"
			},
		{
				"handlerName": "on_main",
				"timestamp": "2025-08-05 16:51:42.293 -0400",
				"message": "C:/ScriptRepositories/ABBYY_Shootout/ABBYY_Shootout.suite/Resources/63090.png:(null)",
				"scriptName": "Main.script",
				"handlerLine": 26,
				"identifier": "Connect"
			},
		{
				"handlerName": "on_main",
				"timestamp": "2025-08-05 16:51:45.942 -0400",
				"scriptName": "Main.script",
				"message": "found at (635, 216)",
				"image": "(TEXT:\"Arrange Views\")",
				"handlerLine": 1,
				"identifier": "imagefound"
			},
		{
				"handlerName": "on_main",
				"timestamp": "2025-08-05 16:51:48.141 -0400",
				"message": "63090.png – C:/ScriptRepositories/ABBYY_Shootout/ABBYY_Shootout.suite/Resources",
				"scriptName": "Main.script",
				"handlerLine": 35,
				"identifier": "Disconnect"
			},
		{
				"message": "(Duration:\"110.285\", Errors:\"0\", Exceptions:\"0\", StartTime:\"2025-08-05 16:49:58 -0400\", Successes:\"1\", TestCase:\"Main.script\", Warnings:\"0\")",
				"identifier": "EndTestCase",
				"timestamp": "2025-08-05 16:51:48.330 -0400"
			},
		{
				"message": "Execution Time 0:01:50 Main.script",
				"identifier": "SUCCESS",
				"timestamp": "2025-08-05 16:51:48.403 -0400"
			}
	],
	"createdTimestamp": "2025-08-05 16:49:58.045 -0400"
}