{
	"entries": [
		{
				"message": "Running Main.script",
				"identifier": "START",
				"timestamp": "2025-07-31 15:33:40.962 -0400"
			},
		{
				"handlerName": "on_main",
				"timestamp": "2025-07-31 15:33:41.341 -0400",
				"message": "C:/ScriptRepositories/ABBYY_Shootout/ABBYY_Shootout.suite/Resources/63223.png:(null)",
				"scriptName": "Main.script",
				"handlerLine": 17,
				"identifier": "Connect"
			},
		{
				"handlerName": "on_main",
				"timestamp": "2025-07-31 15:33:41.345 -0400",
				"message": "\"put \",myCurrentTest.Script",
				"scriptName": "Main.script",
				"handlerLine": 19,
				"identifier": "Log"
			},
		{
				"handlerName": "on_main",
				"timestamp": "2025-07-31 15:33:46.518 -0400",
				"message": "63223.png – C:/ScriptRepositories/ABBYY_Shootout/ABBYY_Shootout.suite/Resources",
				"scriptName": "Main.script",
				"handlerLine": 21,
				"identifier": "Disconnect"
			},
		{
				"handlerName": "on_main",
				"timestamp": "2025-07-31 15:33:46.541 -0400",
				"message": "C:/ScriptRepositories/ABBYY_Shootout/ABBYY_Shootout.suite/Resources/63253.png:(null)",
				"scriptName": "Main.script",
				"handlerLine": 17,
				"identifier": "Connect"
			},
		{
				"handlerName": "on_main",
				"timestamp": "2025-07-31 15:33:46.543 -0400",
				"message": "\"put \",myCurrentTest.Script",
				"scriptName": "Main.script",
				"handlerLine": 19,
				"identifier": "Log"
			},
		{
				"message": "(Duration:\"8.762\", Errors:\"1\", Exceptions:\"0\", StartTime:\"2025-07-31 15:33:40 -0400\", Successes:\"0\", TestCase:\"Main.script\", Warnings:\"0\")",
				"identifier": "EndTestCase",
				"timestamp": "2025-07-31 15:33:49.727 -0400"
			},
		{
				"message": "Execution Time 0:00:08 Main.script",
				"identifier": "ABORTED",
				"timestamp": "2025-07-31 15:33:49.736 -0400"
			}
	],
	"createdTimestamp": "2025-07-31 15:33:40.964 -0400"
}