{
	"entries": [
		{
				"message": "Running Main.script",
				"identifier": "START",
				"timestamp": "2025-08-05 16:24:26.483 -0400"
			},
		{
				"handlerName": "on_main",
				"timestamp": "2025-08-05 16:24:26.744 -0400",
				"message": "C:/ScriptRepositories/ABBYY_Shootout/ABBYY_Shootout.suite/Resources/63223.png:(null)",
				"scriptName": "Main.script",
				"handlerLine": 22,
				"identifier": "Connect"
			},
		{
				"handlerName": "on_main",
				"timestamp": "2025-08-05 16:28:01.081 -0400",
				"scriptName": "Main.script",
				"message": "found at (341, 231)",
				"image": "(TEXT:\"Episode\")",
				"handlerLine": 1,
				"identifier": "imagefound"
			},
		{
				"message": "(Duration:\"214.62\", Errors:\"1\", Exceptions:\"0\", StartTime:\"2025-08-05 16:24:26 -0400\", Successes:\"0\", TestCase:\"Main.script\", Warnings:\"0\")",
				"identifier": "EndTestCase",
				"timestamp": "2025-08-05 16:28:01.106 -0400"
			},
		{
				"image": "Screen_Error.png",
				"message": "WorkbookWriteError: Error (can't open file for writing) saving workbook to file C:/ScriptRepositories/ABBYY_Shootout/ABBYY_Shootout.suite/Resources/ABBYY_IssueList.xlsx -- Execution Time 0:03:34 Main.script",
				"identifier": "FAILURE",
				"timestamp": "2025-08-05 16:28:01.261 -0400"
			}
	],
	"createdTimestamp": "2025-08-05 16:24:26.486 -0400"
}