{
	"entries": [
		{
				"message": "Running Main.script",
				"identifier": "START",
				"timestamp": "2025-07-31 15:36:51.883 -0400"
			},
		{
				"handlerName": "on_main",
				"timestamp": "2025-07-31 15:36:52.258 -0400",
				"message": "C:/ScriptRepositories/ABBYY_Shootout/ABBYY_Shootout.suite/Resources/63223.png:(null)",
				"scriptName": "Main.script",
				"handlerLine": 17,
				"identifier": "Connect"
			},
		{
				"handlerName": "on_main",
				"timestamp": "2025-07-31 15:36:53.440 -0400",
				"message": "put Imagefound(text:\"Episode\", SearchRectangle: [230,180,1584,432], waitFor: 1) into myCurrentTest.(myFieldPF)",
				"scriptName": "Main.script",
				"handlerLine": 19,
				"identifier": "Log"
			},
		{
				"message": "(Duration:\"34.263\", Errors:\"1\", Exceptions:\"0\", StartTime:\"2025-07-31 15:36:51 -0400\", Successes:\"0\", TestCase:\"Main.script\", Warnings:\"0\")",
				"identifier": "EndTestCase",
				"timestamp": "2025-07-31 15:37:26.148 -0400"
			},
		{
				"message": "Execution Time 0:00:34 Main.script",
				"identifier": "ABORTED",
				"timestamp": "2025-07-31 15:37:26.156 -0400"
			}
	],
	"createdTimestamp": "2025-07-31 15:36:51.885 -0400"
}