{
	"entries": [
		{
				"message": "Running Main.script",
				"identifier": "START",
				"timestamp": "2025-07-31 15:35:22.382 -0400"
			},
		{
				"handlerName": "on_main",
				"timestamp": "2025-07-31 15:35:22.760 -0400",
				"message": "C:/ScriptRepositories/ABBYY_Shootout/ABBYY_Shootout.suite/Resources/63223.png:(null)",
				"scriptName": "Main.script",
				"handlerLine": 17,
				"identifier": "Connect"
			},
		{
				"handlerName": "on_main",
				"timestamp": "2025-07-31 15:35:23.979 -0400",
				"message": "put Imagefound(text:\"Episode\", SearchRectangle: [230,180,1584,432], waitFor: 1)",
				"scriptName": "Main.script",
				"handlerLine": 19,
				"identifier": "Log"
			},
		{
				"handlerName": "on_main",
				"timestamp": "2025-07-31 15:35:29.168 -0400",
				"message": "63223.png – C:/ScriptRepositories/ABBYY_Shootout/ABBYY_Shootout.suite/Resources",
				"scriptName": "Main.script",
				"handlerLine": 21,
				"identifier": "Disconnect"
			},
		{
				"handlerName": "on_main",
				"timestamp": "2025-07-31 15:35:29.190 -0400",
				"message": "C:/ScriptRepositories/ABBYY_Shootout/ABBYY_Shootout.suite/Resources/63253.png:(null)",
				"scriptName": "Main.script",
				"handlerLine": 17,
				"identifier": "Connect"
			},
		{
				"handlerName": "on_main",
				"timestamp": "2025-07-31 15:35:29.411 -0400",
				"message": "put Imagefound(TEXT:\"Application Access Menu\")",
				"scriptName": "Main.script",
				"handlerLine": 19,
				"identifier": "Log"
			},
		{
				"handlerName": "on_main",
				"timestamp": "2025-07-31 15:35:34.595 -0400",
				"message": "63253.png – C:/ScriptRepositories/ABBYY_Shootout/ABBYY_Shootout.suite/Resources",
				"scriptName": "Main.script",
				"handlerLine": 21,
				"identifier": "Disconnect"
			},
		{
				"handlerName": "on_main",
				"timestamp": "2025-07-31 15:35:34.708 -0400",
				"message": "C:/ScriptRepositories/ABBYY_Shootout/ABBYY_Shootout.suite/Resources/63262.png:(null)",
				"scriptName": "Main.script",
				"handlerLine": 17,
				"identifier": "Connect"
			},
		{
				"handlerName": "on_main",
				"timestamp": "2025-07-31 15:35:35.958 -0400",
				"message": "put Imagefound(TEXT:\"ZZZeggplant, IPInfection\",ValidCharacters:\"A\"..\"Z\" &&& \"a\"..\"z\" &&& \",\" &&& \".\",IgnoreSpaces:yes,waitfor:0,textDifference:1,ignorenewlines:yes ,searchRectangle:[441,204,582,1019])",
				"scriptName": "Main.script",
				"handlerLine": 19,
				"identifier": "Log"
			},
		{
				"message": "(Duration:\"15.996\", Errors:\"1\", Exceptions:\"0\", StartTime:\"2025-07-31 15:35:22 -0400\", Successes:\"0\", TestCase:\"Main.script\", Warnings:\"0\")",
				"identifier": "EndTestCase",
				"timestamp": "2025-07-31 15:35:38.380 -0400"
			},
		{
				"message": "Execution Time 0:00:16 Main.script",
				"identifier": "ABORTED",
				"timestamp": "2025-07-31 15:35:38.388 -0400"
			}
	],
	"createdTimestamp": "2025-07-31 15:35:22.383 -0400"
}