{
	"entries": [
		{
				"message": "Running Main.script",
				"identifier": "START",
				"timestamp": "2025-07-31 16:19:36.441 -0400"
			},
		{
				"handlerName": "on_main",
				"timestamp": "2025-07-31 16:19:36.567 -0400",
				"message": "C:/ScriptRepositories/ABBYY_Shootout/ABBYY_Shootout.suite/Resources/63223.png:(null)",
				"scriptName": "Main.script",
				"handlerLine": 22,
				"identifier": "Connect"
			},
		{
				"handlerName": "on_main",
				"timestamp": "2025-07-31 16:19:40.469 -0400",
				"scriptName": "Main.script",
				"message": "found at (341, 231)",
				"image": "(TEXT:\"Episode\")",
				"handlerLine": 1,
				"identifier": "imagefound"
			},
		{
				"message": "(Duration:\"10.343\", Errors:\"1\", Exceptions:\"0\", StartTime:\"2025-07-31 16:19:36 -0400\", Successes:\"0\", TestCase:\"Main.script\", Warnings:\"0\")",
				"identifier": "EndTestCase",
				"timestamp": "2025-07-31 16:19:46.787 -0400"
			},
		{
				"message": "Execution Time 0:00:10 Main.script",
				"identifier": "ABORTED",
				"timestamp": "2025-07-31 16:19:46.794 -0400"
			}
	],
	"createdTimestamp": "2025-07-31 16:19:36.443 -0400"
}