{
	"entries": [
		{
				"message": "Running Main.script",
				"identifier": "START",
				"timestamp": "2025-07-31 14:50:30.690 -0400"
			},
		{
				"message": "(Duration:\"0.455\", Errors:\"0\", Exceptions:\"0\", StartTime:\"2025-07-31 14:50:30 -0400\", Successes:\"1\", TestCase:\"Main.script\", Warnings:\"0\")",
				"identifier": "EndTestCase",
				"timestamp": "2025-07-31 14:50:31.146 -0400"
			},
		{
				"message": "Execution Time 0:00:00 Main.script",
				"identifier": "SUCCESS",
				"timestamp": "2025-07-31 14:50:31.318 -0400"
			}
	],
	"createdTimestamp": "2025-07-31 14:50:30.691 -0400"
}