{
	"entries": [
		{
				"message": "Running Main.script",
				"identifier": "START",
				"timestamp": "2025-07-31 14:54:00.220 -0400"
			},
		{
				"message": "(Duration:\"7.264\", Errors:\"1\", Exceptions:\"0\", StartTime:\"2025-07-31 14:54:00 -0400\", Successes:\"0\", TestCase:\"Main.script\", Warnings:\"0\")",
				"identifier": "EndTestCase",
				"timestamp": "2025-07-31 14:54:07.487 -0400"
			},
		{
				"message": "Execution Time 0:00:07 Main.script",
				"identifier": "ABORTED",
				"timestamp": "2025-07-31 14:54:07.498 -0400"
			}
	],
	"createdTimestamp": "2025-07-31 14:54:00.222 -0400"
}