{
	"entries": [
		{
				"message": "Running Main.script",
				"identifier": "START",
				"timestamp": "2025-07-31 14:52:29.276 -0400"
			},
		{
				"message": "(Duration:\"0.487\", Errors:\"0\", Exceptions:\"0\", StartTime:\"2025-07-31 14:52:29 -0400\", Successes:\"1\", TestCase:\"Main.script\", Warnings:\"0\")",
				"identifier": "EndTestCase",
				"timestamp": "2025-07-31 14:52:29.765 -0400"
			},
		{
				"message": "Execution Time 0:00:00 Main.script",
				"identifier": "SUCCESS",
				"timestamp": "2025-07-31 14:52:29.909 -0400"
			}
	],
	"createdTimestamp": "2025-07-31 14:52:29.278 -0400"
}