{
	"entries": [
		{
				"message": "Running Main.script",
				"identifier": "START",
				"timestamp": "2025-07-31 15:10:11.494 -0400"
			},
		{
				"message": "(Duration:\"0.001\", Errors:\"1\", Exceptions:\"0\", StartTime:\"2025-07-31 15:10:11 -0400\", Successes:\"0\", TestCase:\"Main.script\", Warnings:\"0\")",
				"identifier": "EndTestCase",
				"timestamp": "2025-07-31 15:10:11.497 -0400"
			},
		{
				"image": "Screen_Error.png",
				"message": "SenseTalk Compiler Exception: in main:\\nSyntax Error at line 3: can't understand [end of line] at character 21 -- Execution Time 0:00:00 Main.script",
				"identifier": "FAILURE",
				"timestamp": "2025-07-31 15:10:11.832 -0400"
			}
	],
	"createdTimestamp": "2025-07-31 15:10:11.496 -0400"
}