{
	"entries": [
		{
				"message": "Running Main.script",
				"identifier": "START",
				"timestamp": "2025-07-31 15:54:23.729 -0400"
			},
		{
				"handlerName": "on_main",
				"timestamp": "2025-07-31 15:54:24.071 -0400",
				"message": "C:/ScriptRepositories/ABBYY_Shootout/ABBYY_Shootout.suite/Resources/63223.png:(null)",
				"scriptName": "Main.script",
				"handlerLine": 17,
				"identifier": "Connect"
			},
		{
				"handlerName": "on_main",
				"timestamp": "2025-07-31 15:54:24.075 -0400",
				"message": "1",
				"scriptName": "Main.script",
				"handlerLine": 18,
				"identifier": "Log"
			},
		{
				"handlerName": "on_main",
				"timestamp": "2025-07-31 15:54:26.266 -0400",
				"scriptName": "Main.script",
				"message": "found at (341, 231)",
				"image": "(TEXT:\"Episode\")",
				"handlerLine": 1,
				"identifier": "imagefound"
			},
		{
				"handlerName": "on_main",
				"timestamp": "2025-07-31 15:54:26.327 -0400",
				"message": "True",
				"scriptName": "Main.script",
				"handlerLine": 22,
				"identifier": "Log"
			},
		{
				"handlerName": "on_main",
				"timestamp": "2025-07-31 15:54:26.490 -0400",
				"message": "63223.png – C:/ScriptRepositories/ABBYY_Shootout/ABBYY_Shootout.suite/Resources",
				"scriptName": "Main.script",
				"handlerLine": 23,
				"identifier": "Disconnect"
			},
		{
				"handlerName": "on_main",
				"timestamp": "2025-07-31 15:54:31.630 -0400",
				"message": "C:/ScriptRepositories/ABBYY_Shootout/ABBYY_Shootout.suite/Resources/63253.png:(null)",
				"scriptName": "Main.script",
				"handlerLine": 17,
				"identifier": "Connect"
			},
		{
				"handlerName": "on_main",
				"timestamp": "2025-07-31 15:54:31.634 -0400",
				"message": "2",
				"scriptName": "Main.script",
				"handlerLine": 18,
				"identifier": "Log"
			},
		{
				"handlerName": "on_main",
				"timestamp": "2025-07-31 15:54:33.457 -0400",
				"scriptName": "Main.script",
				"message": "found at (547, 132)",
				"image": "(TEXT:\"Application Access Menu\")",
				"handlerLine": 1,
				"identifier": "imagefound"
			},
		{
				"handlerName": "on_main",
				"timestamp": "2025-07-31 15:54:33.508 -0400",
				"message": "True",
				"scriptName": "Main.script",
				"handlerLine": 22,
				"identifier": "Log"
			},
		{
				"handlerName": "on_main",
				"timestamp": "2025-07-31 15:54:33.629 -0400",
				"message": "63253.png – C:/ScriptRepositories/ABBYY_Shootout/ABBYY_Shootout.suite/Resources",
				"scriptName": "Main.script",
				"handlerLine": 23,
				"identifier": "Disconnect"
			},
		{
				"handlerName": "on_main",
				"timestamp": "2025-07-31 15:54:43.109 -0400",
				"message": "C:/ScriptRepositories/ABBYY_Shootout/ABBYY_Shootout.suite/Resources/63262.png:(null)",
				"scriptName": "Main.script",
				"handlerLine": 17,
				"identifier": "Connect"
			},
		{
				"handlerName": "on_main",
				"timestamp": "2025-07-31 15:54:43.112 -0400",
				"message": "3",
				"scriptName": "Main.script",
				"handlerLine": 18,
				"identifier": "Log"
			},
		{
				"handlerName": "on_main",
				"timestamp": "2025-07-31 15:54:45.300 -0400",
				"scriptName": "Main.script",
				"message": "found at (517, 472)",
				"image": "(TEXT:\"ZZZeggplant, IPInfection\")",
				"handlerLine": 1,
				"identifier": "imagefound"
			},
		{
				"handlerName": "on_main",
				"timestamp": "2025-07-31 15:54:45.353 -0400",
				"message": "True",
				"scriptName": "Main.script",
				"handlerLine": 22,
				"identifier": "Log"
			},
		{
				"handlerName": "on_main",
				"timestamp": "2025-07-31 15:54:45.472 -0400",
				"message": "63262.png – C:/ScriptRepositories/ABBYY_Shootout/ABBYY_Shootout.suite/Resources",
				"scriptName": "Main.script",
				"handlerLine": 23,
				"identifier": "Disconnect"
			},
		{
				"handlerName": "on_main",
				"timestamp": "2025-07-31 15:54:47.769 -0400",
				"message": "C:/ScriptRepositories/ABBYY_Shootout/ABBYY_Shootout.suite/Resources/63246.png:(null)",
				"scriptName": "Main.script",
				"handlerLine": 17,
				"identifier": "Connect"
			},
		{
				"handlerName": "on_main",
				"timestamp": "2025-07-31 15:54:47.772 -0400",
				"message": "4",
				"scriptName": "Main.script",
				"handlerLine": 18,
				"identifier": "Log"
			},
		{
				"handlerName": "on_main",
				"timestamp": "2025-07-31 15:54:49.804 -0400",
				"scriptName": "Main.script",
				"message": "found at (976, 513)",
				"image": "(TEXT:\"In\")",
				"handlerLine": 1,
				"identifier": "imagefound"
			},
		{
				"handlerName": "on_main",
				"timestamp": "2025-07-31 15:54:49.856 -0400",
				"message": "True",
				"scriptName": "Main.script",
				"handlerLine": 22,
				"identifier": "Log"
			},
		{
				"handlerName": "on_main",
				"timestamp": "2025-07-31 15:54:49.974 -0400",
				"message": "63246.png – C:/ScriptRepositories/ABBYY_Shootout/ABBYY_Shootout.suite/Resources",
				"scriptName": "Main.script",
				"handlerLine": 23,
				"identifier": "Disconnect"
			},
		{
				"handlerName": "on_main",
				"timestamp": "2025-07-31 15:54:51.889 -0400",
				"message": "C:/ScriptRepositories/ABBYY_Shootout/ABBYY_Shootout.suite/Resources/63222.png:(null)",
				"scriptName": "Main.script",
				"handlerLine": 17,
				"identifier": "Connect"
			},
		{
				"handlerName": "on_main",
				"timestamp": "2025-07-31 15:54:51.894 -0400",
				"message": "5",
				"scriptName": "Main.script",
				"handlerLine": 18,
				"identifier": "Log"
			},
		{
				"handlerName": "on_main",
				"timestamp": "2025-07-31 15:54:54.116 -0400",
				"scriptName": "Main.script",
				"message": "found at (517, 313)",
				"image": "(TEXT:\"ZZZeggplant, IPwardnurse\")",
				"handlerLine": 1,
				"identifier": "imagefound"
			},
		{
				"handlerName": "on_main",
				"timestamp": "2025-07-31 15:54:54.171 -0400",
				"message": "True",
				"scriptName": "Main.script",
				"handlerLine": 22,
				"identifier": "Log"
			},
		{
				"handlerName": "on_main",
				"timestamp": "2025-07-31 15:54:54.289 -0400",
				"message": "63222.png – C:/ScriptRepositories/ABBYY_Shootout/ABBYY_Shootout.suite/Resources",
				"scriptName": "Main.script",
				"handlerLine": 23,
				"identifier": "Disconnect"
			},
		{
				"handlerName": "on_main",
				"timestamp": "2025-07-31 15:54:56.429 -0400",
				"message": "C:/ScriptRepositories/ABBYY_Shootout/ABBYY_Shootout.suite/Resources/63130.png:(null)",
				"scriptName": "Main.script",
				"handlerLine": 17,
				"identifier": "Connect"
			},
		{
				"handlerName": "on_main",
				"timestamp": "2025-07-31 15:54:56.432 -0400",
				"message": "6",
				"scriptName": "Main.script",
				"handlerLine": 18,
				"identifier": "Log"
			},
		{
				"handlerName": "on_main",
				"timestamp": "2025-07-31 15:54:58.194 -0400",
				"scriptName": "Main.script",
				"message": "found at (1340, 201)",
				"image": "(TEXT:\"patient\")",
				"handlerLine": 1,
				"identifier": "imagefound"
			},
		{
				"handlerName": "on_main",
				"timestamp": "2025-07-31 15:54:58.247 -0400",
				"message": "True",
				"scriptName": "Main.script",
				"handlerLine": 22,
				"identifier": "Log"
			},
		{
				"handlerName": "on_main",
				"timestamp": "2025-07-31 15:54:58.367 -0400",
				"message": "63130.png – C:/ScriptRepositories/ABBYY_Shootout/ABBYY_Shootout.suite/Resources",
				"scriptName": "Main.script",
				"handlerLine": 23,
				"identifier": "Disconnect"
			},
		{
				"handlerName": "on_main",
				"timestamp": "2025-07-31 15:55:02.752 -0400",
				"message": "C:/ScriptRepositories/ABBYY_Shootout/ABBYY_Shootout.suite/Resources/63190.png:(null)",
				"scriptName": "Main.script",
				"handlerLine": 17,
				"identifier": "Connect"
			},
		{
				"handlerName": "on_main",
				"timestamp": "2025-07-31 15:55:02.755 -0400",
				"message": "7",
				"scriptName": "Main.script",
				"handlerLine": 18,
				"identifier": "Log"
			},
		{
				"handlerName": "on_main",
				"timestamp": "2025-07-31 15:55:04.472 -0400",
				"scriptName": "Main.script",
				"message": "found at (367, 260)",
				"image": "(TEXT:\"Hide Add'l Visits\")",
				"handlerLine": 1,
				"identifier": "imagefound"
			},
		{
				"handlerName": "on_main",
				"timestamp": "2025-07-31 15:55:04.526 -0400",
				"message": "True",
				"scriptName": "Main.script",
				"handlerLine": 22,
				"identifier": "Log"
			},
		{
				"handlerName": "on_main",
				"timestamp": "2025-07-31 15:55:04.642 -0400",
				"message": "63190.png – C:/ScriptRepositories/ABBYY_Shootout/ABBYY_Shootout.suite/Resources",
				"scriptName": "Main.script",
				"handlerLine": 23,
				"identifier": "Disconnect"
			},
		{
				"handlerName": "on_main",
				"timestamp": "2025-07-31 15:55:06.639 -0400",
				"message": "C:/ScriptRepositories/ABBYY_Shootout/ABBYY_Shootout.suite/Resources/63090.png:(null)",
				"scriptName": "Main.script",
				"handlerLine": 17,
				"identifier": "Connect"
			},
		{
				"handlerName": "on_main",
				"timestamp": "2025-07-31 15:55:06.643 -0400",
				"message": "8",
				"scriptName": "Main.script",
				"handlerLine": 18,
				"identifier": "Log"
			},
		{
				"handlerName": "on_main",
				"timestamp": "2025-07-31 15:55:30.223 -0400",
				"scriptName": "Main.script",
				"message": "Unable to Find Image (TEXT:\"Arrange Views\"). Text not found.",
				"image": "(TEXT:\"Arrange Views\")",
				"handlerLine": 1,
				"identifier": "imagefound"
			},
		{
				"handlerName": "on_main",
				"timestamp": "2025-07-31 15:55:30.462 -0400",
				"message": "False",
				"scriptName": "Main.script",
				"handlerLine": 22,
				"identifier": "Log"
			},
		{
				"handlerName": "on_main",
				"timestamp": "2025-07-31 15:55:30.584 -0400",
				"message": "63090.png – C:/ScriptRepositories/ABBYY_Shootout/ABBYY_Shootout.suite/Resources",
				"scriptName": "Main.script",
				"handlerLine": 23,
				"identifier": "Disconnect"
			},
		{
				"message": "(Duration:\"73.963\", Errors:\"0\", Exceptions:\"0\", StartTime:\"2025-07-31 15:54:23 -0400\", Successes:\"1\", TestCase:\"Main.script\", Warnings:\"0\")",
				"identifier": "EndTestCase",
				"timestamp": "2025-07-31 15:55:37.695 -0400"
			},
		{
				"message": "Execution Time 0:01:13 Main.script",
				"identifier": "SUCCESS",
				"timestamp": "2025-07-31 15:55:37.868 -0400"
			}
	],
	"createdTimestamp": "2025-07-31 15:54:23.730 -0400"
}