{
	"entries": [
		{
				"message": "Running Main.script",
				"identifier": "START",
				"timestamp": "2025-07-31 15:46:46.365 -0400"
			},
		{
				"handlerName": "on_main",
				"timestamp": "2025-07-31 15:46:46.919 -0400",
				"message": "C:/ScriptRepositories/ABBYY_Shootout/ABBYY_Shootout.suite/Resources/63223.png:(null)",
				"scriptName": "Main.script",
				"handlerLine": 17,
				"identifier": "Connect"
			},
		{
				"handlerName": "on_main",
				"timestamp": "2025-07-31 15:46:49.014 -0400",
				"scriptName": "Main.script",
				"message": "found at (341, 231)",
				"image": "(TEXT:\"Episode\")",
				"handlerLine": 1,
				"identifier": "imagefound"
			},
		{
				"handlerName": "on_main",
				"timestamp": "2025-07-31 15:46:49.065 -0400",
				"message": "IT",
				"scriptName": "Main.script",
				"handlerLine": 20,
				"identifier": "Log"
			},
		{
				"handlerName": "on_main",
				"timestamp": "2025-07-31 15:46:49.190 -0400",
				"message": "63223.png – C:/ScriptRepositories/ABBYY_Shootout/ABBYY_Shootout.suite/Resources",
				"scriptName": "Main.script",
				"handlerLine": 21,
				"identifier": "Disconnect"
			},
		{
				"handlerName": "on_main",
				"timestamp": "2025-07-31 15:46:49.300 -0400",
				"message": "C:/ScriptRepositories/ABBYY_Shootout/ABBYY_Shootout.suite/Resources/63253.png:(null)",
				"scriptName": "Main.script",
				"handlerLine": 17,
				"identifier": "Connect"
			},
		{
				"handlerName": "on_main",
				"timestamp": "2025-07-31 15:46:51.373 -0400",
				"scriptName": "Main.script",
				"message": "found at (547, 132)",
				"image": "(TEXT:\"Application Access Menu\")",
				"handlerLine": 1,
				"identifier": "imagefound"
			},
		{
				"handlerName": "on_main",
				"timestamp": "2025-07-31 15:46:51.430 -0400",
				"message": "IT",
				"scriptName": "Main.script",
				"handlerLine": 20,
				"identifier": "Log"
			},
		{
				"handlerName": "on_main",
				"timestamp": "2025-07-31 15:46:51.540 -0400",
				"message": "63253.png – C:/ScriptRepositories/ABBYY_Shootout/ABBYY_Shootout.suite/Resources",
				"scriptName": "Main.script",
				"handlerLine": 21,
				"identifier": "Disconnect"
			},
		{
				"handlerName": "on_main",
				"timestamp": "2025-07-31 15:46:51.663 -0400",
				"message": "C:/ScriptRepositories/ABBYY_Shootout/ABBYY_Shootout.suite/Resources/63262.png:(null)",
				"scriptName": "Main.script",
				"handlerLine": 17,
				"identifier": "Connect"
			},
		{
				"handlerName": "on_main",
				"timestamp": "2025-07-31 15:46:54.108 -0400",
				"scriptName": "Main.script",
				"message": "found at (517, 472)",
				"image": "(TEXT:\"ZZZeggplant, IPInfection\")",
				"handlerLine": 1,
				"identifier": "imagefound"
			},
		{
				"message": "(Duration:\"7.999\", Errors:\"1\", Exceptions:\"0\", StartTime:\"2025-07-31 15:46:46 -0400\", Successes:\"0\", TestCase:\"Main.script\", Warnings:\"0\")",
				"identifier": "EndTestCase",
				"timestamp": "2025-07-31 15:46:54.366 -0400"
			},
		{
				"message": "Execution Time 0:00:08 Main.script",
				"identifier": "ABORTED",
				"timestamp": "2025-07-31 15:46:54.374 -0400"
			}
	],
	"createdTimestamp": "2025-07-31 15:46:46.366 -0400"
}