{
	"entries": [
		{
				"message": "Running Main.script",
				"identifier": "START",
				"timestamp": "2025-07-31 15:47:55.587 -0400"
			},
		{
				"handlerName": "on_main",
				"timestamp": "2025-07-31 15:47:55.955 -0400",
				"message": "C:/ScriptRepositories/ABBYY_Shootout/ABBYY_Shootout.suite/Resources/63223.png:(null)",
				"scriptName": "Main.script",
				"handlerLine": 17,
				"identifier": "Connect"
			},
		{
				"handlerName": "on_main",
				"timestamp": "2025-07-31 15:47:58.540 -0400",
				"scriptName": "Main.script",
				"message": "found at (341, 231)",
				"image": "(TEXT:\"Episode\")",
				"handlerLine": 1,
				"identifier": "imagefound"
			},
		{
				"handlerName": "on_main",
				"timestamp": "2025-07-31 15:47:58.592 -0400",
				"message": "True",
				"scriptName": "Main.script",
				"handlerLine": 20,
				"identifier": "Log"
			},
		{
				"handlerName": "on_main",
				"timestamp": "2025-07-31 15:47:58.765 -0400",
				"message": "63223.png – C:/ScriptRepositories/ABBYY_Shootout/ABBYY_Shootout.suite/Resources",
				"scriptName": "Main.script",
				"handlerLine": 21,
				"identifier": "Disconnect"
			},
		{
				"handlerName": "on_main",
				"timestamp": "2025-07-31 15:47:58.885 -0400",
				"message": "C:/ScriptRepositories/ABBYY_Shootout/ABBYY_Shootout.suite/Resources/63253.png:(null)",
				"scriptName": "Main.script",
				"handlerLine": 17,
				"identifier": "Connect"
			},
		{
				"handlerName": "on_main",
				"timestamp": "2025-07-31 15:48:01.026 -0400",
				"scriptName": "Main.script",
				"message": "found at (547, 132)",
				"image": "(TEXT:\"Application Access Menu\")",
				"handlerLine": 1,
				"identifier": "imagefound"
			},
		{
				"handlerName": "on_main",
				"timestamp": "2025-07-31 15:48:01.078 -0400",
				"message": "True",
				"scriptName": "Main.script",
				"handlerLine": 20,
				"identifier": "Log"
			},
		{
				"handlerName": "on_main",
				"timestamp": "2025-07-31 15:48:01.253 -0400",
				"message": "63253.png – C:/ScriptRepositories/ABBYY_Shootout/ABBYY_Shootout.suite/Resources",
				"scriptName": "Main.script",
				"handlerLine": 21,
				"identifier": "Disconnect"
			},
		{
				"handlerName": "on_main",
				"timestamp": "2025-07-31 15:48:01.282 -0400",
				"message": "C:/ScriptRepositories/ABBYY_Shootout/ABBYY_Shootout.suite/Resources/63262.png:(null)",
				"scriptName": "Main.script",
				"handlerLine": 17,
				"identifier": "Connect"
			},
		{
				"handlerName": "on_main",
				"timestamp": "2025-07-31 15:48:02.435 -0400",
				"scriptName": "Main.script",
				"message": "found at (517, 472)",
				"image": "(TEXT:\"ZZZeggplant, IPInfection\")",
				"handlerLine": 1,
				"identifier": "imagefound"
			},
		{
				"handlerName": "on_main",
				"timestamp": "2025-07-31 15:48:02.488 -0400",
				"message": "True",
				"scriptName": "Main.script",
				"handlerLine": 20,
				"identifier": "Log"
			},
		{
				"handlerName": "on_main",
				"timestamp": "2025-07-31 15:48:02.661 -0400",
				"message": "63262.png – C:/ScriptRepositories/ABBYY_Shootout/ABBYY_Shootout.suite/Resources",
				"scriptName": "Main.script",
				"handlerLine": 21,
				"identifier": "Disconnect"
			},
		{
				"handlerName": "on_main",
				"timestamp": "2025-07-31 15:48:02.817 -0400",
				"message": "C:/ScriptRepositories/ABBYY_Shootout/ABBYY_Shootout.suite/Resources/63246.png:(null)",
				"scriptName": "Main.script",
				"handlerLine": 17,
				"identifier": "Connect"
			},
		{
				"handlerName": "on_main",
				"timestamp": "2025-07-31 15:48:04.908 -0400",
				"scriptName": "Main.script",
				"message": "found at (976, 513)",
				"image": "(TEXT:\"In\")",
				"handlerLine": 1,
				"identifier": "imagefound"
			},
		{
				"message": "(Duration:\"9.469\", Errors:\"1\", Exceptions:\"0\", StartTime:\"2025-07-31 15:47:55 -0400\", Successes:\"0\", TestCase:\"Main.script\", Warnings:\"0\")",
				"identifier": "EndTestCase",
				"timestamp": "2025-07-31 15:48:05.060 -0400"
			},
		{
				"message": "Execution Time 0:00:09 Main.script",
				"identifier": "ABORTED",
				"timestamp": "2025-07-31 15:48:05.068 -0400"
			}
	],
	"createdTimestamp": "2025-07-31 15:47:55.589 -0400"
}