{
	"entries": [
		{
				"message": "Running Main.script",
				"identifier": "START",
				"timestamp": "2025-07-31 15:18:04.070 -0400"
			},
		{
				"message": "(Duration:\"0\", Errors:\"1\", Exceptions:\"0\", StartTime:\"2025-07-31 15:18:04 -0400\", Successes:\"0\", TestCase:\"Main.script\", Warnings:\"0\")",
				"identifier": "EndTestCase",
				"timestamp": "2025-07-31 15:18:04.074 -0400"
			},
		{
				"image": "Screen_Error.png",
				"message": "SenseTalk Compiler Exception: in main:\\nSyntax Error at line 18: can't understand [end of line] at character 33 -- Execution Time 0:00:00 Main.script",
				"identifier": "FAILURE",
				"timestamp": "2025-07-31 15:18:04.433 -0400"
			}
	],
	"createdTimestamp": "2025-07-31 15:18:04.071 -0400"
}