{
	"entries": [
		{
				"message": "Running Main.script",
				"identifier": "START",
				"timestamp": "2025-07-31 15:33:12.896 -0400"
			},
		{
				"handlerName": "on_main",
				"timestamp": "2025-07-31 15:33:13.729 -0400",
				"message": "C:/ScriptRepositories/ABBYY_Shootout/ABBYY_Shootout.suite/Resources/63223.png:(null)",
				"scriptName": "Main.script",
				"handlerLine": 17,
				"identifier": "Connect"
			},
		{
				"handlerName": "on_main",
				"timestamp": "2025-07-31 15:33:13.732 -0400",
				"message": "\"put \" myCurrentTest.Script",
				"scriptName": "Main.script",
				"handlerLine": 19,
				"identifier": "Log"
			},
		{
				"handlerName": "on_main",
				"timestamp": "2025-07-31 15:33:18.871 -0400",
				"message": "63223.png – C:/ScriptRepositories/ABBYY_Shootout/ABBYY_Shootout.suite/Resources",
				"scriptName": "Main.script",
				"handlerLine": 21,
				"identifier": "Disconnect"
			},
		{
				"handlerName": "on_main",
				"timestamp": "2025-07-31 15:33:18.983 -0400",
				"message": "C:/ScriptRepositories/ABBYY_Shootout/ABBYY_Shootout.suite/Resources/63253.png:(null)",
				"scriptName": "Main.script",
				"handlerLine": 17,
				"identifier": "Connect"
			},
		{
				"handlerName": "on_main",
				"timestamp": "2025-07-31 15:33:18.986 -0400",
				"message": "\"put \" myCurrentTest.Script",
				"scriptName": "Main.script",
				"handlerLine": 19,
				"identifier": "Log"
			},
		{
				"message": "(Duration:\"10.566\", Errors:\"1\", Exceptions:\"0\", StartTime:\"2025-07-31 15:33:12 -0400\", Successes:\"0\", TestCase:\"Main.script\", Warnings:\"0\")",
				"identifier": "EndTestCase",
				"timestamp": "2025-07-31 15:33:23.464 -0400"
			},
		{
				"message": "Execution Time 0:00:10 Main.script",
				"identifier": "ABORTED",
				"timestamp": "2025-07-31 15:33:23.472 -0400"
			}
	],
	"createdTimestamp": "2025-07-31 15:33:12.897 -0400"
}